"";"timestamp";"url";"json_ops_id"
"1";2021-10-17 23:20:36;"https://feeds.buzzsprout.com/988594.rss";641610
"2";2021-10-17 23:20:36;"https://feeds.buzzsprout.com/1726372.rss";641610
"3";2021-10-17 23:20:36;"https://feeds.buzzsprout.com/1169162.rss";641610
"4";2021-10-17 23:20:15;"https://media.rss.com/vbn/feed.xml";641609
"5";2021-10-17 23:20:15;"https://feeds.buzzsprout.com/151089.rss";641609
"6";2021-10-17 23:19:54;"https://media.rss.com/dialectica/feed.xml";641608
"7";2021-10-17 23:19:54;"https://feeds.transistor.fm/live";641608
"8";2021-10-17 23:19:54;"https://feeds.buzzsprout.com/784832.rss";641608
"9";2021-10-17 23:19:33;"https://media.rss.com/travolting/feed.xml";641607
"10";2021-10-17 23:19:33;"https://feeds.buzzsprout.com/1362028.rss";641607
