trx_id,url,domain
9d822d2730e699ee2c886aabb37ef66e4df016e4,https://feeds.buzzsprout.com/1524022.rss,com.buzzsprout
933a937113f99d6934c6be699cc43629134ecbc4,https://feeds.buzzsprout.com/965110.rss,com.buzzsprout
933a937113f99d6934c6be699cc43629134ecbc4,https://feeds.buzzsprout.com/1749074.rss,com.buzzsprout
9f84beed9ee0d89d1281003c3870ca60127e8a61,https://feeds.buzzsprout.com/1381390.rss,com.buzzsprout
9f84beed9ee0d89d1281003c3870ca60127e8a61,https://feeds.buzzsprout.com/1482823.rss,com.buzzsprout
9f84beed9ee0d89d1281003c3870ca60127e8a61,https://feeds.buzzsprout.com/1588684.rss,com.buzzsprout
76021eb18a7b291af5583b87363c535ef320265e,https://feeds.buzzsprout.com/1446430.rss,com.buzzsprout
76021eb18a7b291af5583b87363c535ef320265e,https://feeds.buzzsprout.com/1772182.rss,com.buzzsprout
76021eb18a7b291af5583b87363c535ef320265e,https://feeds.buzzsprout.com/1754711.rss,com.buzzsprout
76021eb18a7b291af5583b87363c535ef320265e,https://feeds.captivate.fm/djynews,fm.captivate
bf1cc8a3bfa1806249f6cfac433795d2e0ba9c6f,https://feeds.captivate.fm/uminventorqualquer,fm.captivate
bf1cc8a3bfa1806249f6cfac433795d2e0ba9c6f,https://media.rss.com/ystavienkesken/feed.xml,com.rss
bf1cc8a3bfa1806249f6cfac433795d2e0ba9c6f,https://feeds.buzzsprout.com/1750069.rss,com.buzzsprout
bf1cc8a3bfa1806249f6cfac433795d2e0ba9c6f,https://feeds.buzzsprout.com/909664.rss,com.buzzsprout
8914f46450fdd48d0e95d89eb9a9571a35844eb4,https://feeds.buzzsprout.com/1786367.rss,com.buzzsprout
8914f46450fdd48d0e95d89eb9a9571a35844eb4,https://feeds.buzzsprout.com/853612.rss,com.buzzsprout
39dfecadf599158672a8b54216c49c848c536e2a,https://feeds.buzzsprout.com/1449298.rss,com.buzzsprout
550b449a0f2c14728c81edb9d6864bff27d6e1ba,https://feeds.buzzsprout.com/556321.rss,com.buzzsprout
570b171cd6c78ab68d7824c46650e790eefdf545,https://feeds.buzzsprout.com/1717697.rss,com.buzzsprout
1a8f5b7f5db013707561720f1cb2fd89c69cc890,https://feeds.buzzsprout.com/1306363.rss,com.buzzsprout
1a8f5b7f5db013707561720f1cb2fd89c69cc890,https://feeds.buzzsprout.com/686645.rss,com.buzzsprout
b6a88bec539bd27377054552003d8431bc5c62a1,https://feeds.buzzsprout.com/1742828.rss,com.buzzsprout
b6a88bec539bd27377054552003d8431bc5c62a1,https://media.rss.com/docyoung/feed.xml,com.rss
b6a88bec539bd27377054552003d8431bc5c62a1,https://feeds.buzzsprout.com/1614973.rss,com.buzzsprout
72106079faa7ea88521a57fd7a8762e4ba435574,https://media.rss.com/ready-steady-give-up-the-pod/feed.xml,com.rss
72106079faa7ea88521a57fd7a8762e4ba435574,https://feeds.buzzsprout.com/761645.rss,com.buzzsprout
72106079faa7ea88521a57fd7a8762e4ba435574,https://feeds.buzzsprout.com/1381960.rss,com.buzzsprout
63914effae0a82c398c2cdb439c20ebd0bc29113,https://media.rss.com/podcastespresso/feed.xml,com.rss
63914effae0a82c398c2cdb439c20ebd0bc29113,https://feeds.buzzsprout.com/1561241.rss,com.buzzsprout
63914effae0a82c398c2cdb439c20ebd0bc29113,https://feeds.buzzsprout.com/1223528.rss,com.buzzsprout
63914effae0a82c398c2cdb439c20ebd0bc29113,https://feeds.buzzsprout.com/1078199.rss,com.buzzsprout
63914effae0a82c398c2cdb439c20ebd0bc29113,https://feeds.buzzsprout.com/1536028.rss,com.buzzsprout
63914effae0a82c398c2cdb439c20ebd0bc29113,https://feeds.buzzsprout.com/1291208.rss,com.buzzsprout
63914effae0a82c398c2cdb439c20ebd0bc29113,https://feeds.buzzsprout.com/285939.rss,com.buzzsprout
63914effae0a82c398c2cdb439c20ebd0bc29113,https://feeds.buzzsprout.com/1030354.rss,com.buzzsprout
63914effae0a82c398c2cdb439c20ebd0bc29113,https://feeds.buzzsprout.com/1626082.rss,com.buzzsprout
63914effae0a82c398c2cdb439c20ebd0bc29113,https://feeds.buzzsprout.com/248680.rss,com.buzzsprout
8b2813550ea096a42000c0ddd832e2b8023251a4,https://feeds.buzzsprout.com/1056904.rss,com.buzzsprout
8b2813550ea096a42000c0ddd832e2b8023251a4,https://feeds.buzzsprout.com/1695355.rss,com.buzzsprout
8b2813550ea096a42000c0ddd832e2b8023251a4,https://feeds.buzzsprout.com/284204.rss,com.buzzsprout
8b2813550ea096a42000c0ddd832e2b8023251a4,https://feeds.buzzsprout.com/903469.rss,com.buzzsprout
8b2813550ea096a42000c0ddd832e2b8023251a4,https://feeds.buzzsprout.com/1733832.rss,com.buzzsprout
8b2813550ea096a42000c0ddd832e2b8023251a4,https://feeds.buzzsprout.com/643111.rss,com.buzzsprout
8b2813550ea096a42000c0ddd832e2b8023251a4,https://feeds.buzzsprout.com/1483333.rss,com.buzzsprout
8b2813550ea096a42000c0ddd832e2b8023251a4,https://feeds.buzzsprout.com/1572088.rss,com.buzzsprout
8b2813550ea096a42000c0ddd832e2b8023251a4,https://feeds.buzzsprout.com/1743418.rss,com.buzzsprout
8b2813550ea096a42000c0ddd832e2b8023251a4,https://feeds.buzzsprout.com/850033.rss,com.buzzsprout
48c2af66d2f896740d536db3fdf0a251891d8e10,https://feeds.buzzsprout.com/1447720.rss,com.buzzsprout
48c2af66d2f896740d536db3fdf0a251891d8e10,https://feeds.buzzsprout.com/1192601.rss,com.buzzsprout
48c2af66d2f896740d536db3fdf0a251891d8e10,https://feeds.buzzsprout.com/307691.rss,com.buzzsprout
48c2af66d2f896740d536db3fdf0a251891d8e10,https://feeds.buzzsprout.com/1033804.rss,com.buzzsprout
48c2af66d2f896740d536db3fdf0a251891d8e10,https://feeds.buzzsprout.com/1601521.rss,com.buzzsprout
48c2af66d2f896740d536db3fdf0a251891d8e10,https://feeds.buzzsprout.com/391945.rss,com.buzzsprout
48c2af66d2f896740d536db3fdf0a251891d8e10,https://feeds.buzzsprout.com/237152.rss,com.buzzsprout
48c2af66d2f896740d536db3fdf0a251891d8e10,https://feeds.buzzsprout.com/210499.rss,com.buzzsprout
48c2af66d2f896740d536db3fdf0a251891d8e10,https://feeds.buzzsprout.com/556321.rss,com.buzzsprout
48c2af66d2f896740d536db3fdf0a251891d8e10,https://feeds.buzzsprout.com/1750435.rss,com.buzzsprout
35867acc657913e005a6a33a575ba8afaa3084e2,https://feeds.buzzsprout.com/1664131.rss,com.buzzsprout
35867acc657913e005a6a33a575ba8afaa3084e2,https://feeds.buzzsprout.com/1595449.rss,com.buzzsprout
35867acc657913e005a6a33a575ba8afaa3084e2,https://feeds.buzzsprout.com/1763667.rss,com.buzzsprout
35867acc657913e005a6a33a575ba8afaa3084e2,https://feeds.buzzsprout.com/1666165.rss,com.buzzsprout
35867acc657913e005a6a33a575ba8afaa3084e2,https://feeds.buzzsprout.com/1642492.rss,com.buzzsprout
35867acc657913e005a6a33a575ba8afaa3084e2,https://feeds.buzzsprout.com/1724206.rss,com.buzzsprout
35867acc657913e005a6a33a575ba8afaa3084e2,https://feeds.buzzsprout.com/1715522.rss,com.buzzsprout
35867acc657913e005a6a33a575ba8afaa3084e2,https://feeds.buzzsprout.com/1505101.rss,com.buzzsprout
35867acc657913e005a6a33a575ba8afaa3084e2,https://feeds.buzzsprout.com/1369789.rss,com.buzzsprout
35867acc657913e005a6a33a575ba8afaa3084e2,https://feeds.buzzsprout.com/1236338.rss,com.buzzsprout
7d5aead8e979bd47b5e762dd8656dd8d23adbdea,https://feeds.buzzsprout.com/724986.rss,com.buzzsprout
7d5aead8e979bd47b5e762dd8656dd8d23adbdea,https://feeds.buzzsprout.com/1544749.rss,com.buzzsprout
7d5aead8e979bd47b5e762dd8656dd8d23adbdea,https://feeds.buzzsprout.com/1366468.rss,com.buzzsprout
7d5aead8e979bd47b5e762dd8656dd8d23adbdea,https://feeds.buzzsprout.com/1430452.rss,com.buzzsprout
7d5aead8e979bd47b5e762dd8656dd8d23adbdea,https://feeds.buzzsprout.com/953542.rss,com.buzzsprout
7d5aead8e979bd47b5e762dd8656dd8d23adbdea,https://feeds.buzzsprout.com/357512.rss,com.buzzsprout
7d5aead8e979bd47b5e762dd8656dd8d23adbdea,https://feeds.buzzsprout.com/1640965.rss,com.buzzsprout
7d5aead8e979bd47b5e762dd8656dd8d23adbdea,https://feeds.buzzsprout.com/1622545.rss,com.buzzsprout
7d5aead8e979bd47b5e762dd8656dd8d23adbdea,https://feeds.buzzsprout.com/367916.rss,com.buzzsprout
7d5aead8e979bd47b5e762dd8656dd8d23adbdea,https://feeds.buzzsprout.com/1729958.rss,com.buzzsprout
7ba1772e178abfc1bc2e8569e9442fc3f7a4fbea,https://feeds.buzzsprout.com/825472.rss,com.buzzsprout
7ba1772e178abfc1bc2e8569e9442fc3f7a4fbea,https://feeds.buzzsprout.com/533392.rss,com.buzzsprout
7ba1772e178abfc1bc2e8569e9442fc3f7a4fbea,https://feeds.buzzsprout.com/1783312.rss,com.buzzsprout
7ba1772e178abfc1bc2e8569e9442fc3f7a4fbea,https://feeds.buzzsprout.com/1234385.rss,com.buzzsprout
7ba1772e178abfc1bc2e8569e9442fc3f7a4fbea,https://feeds.buzzsprout.com/1460902.rss,com.buzzsprout
7ba1772e178abfc1bc2e8569e9442fc3f7a4fbea,https://feeds.buzzsprout.com/1606045.rss,com.buzzsprout
7ba1772e178abfc1bc2e8569e9442fc3f7a4fbea,https://feeds.buzzsprout.com/530248.rss,com.buzzsprout
7ba1772e178abfc1bc2e8569e9442fc3f7a4fbea,https://feeds.buzzsprout.com/1721553.rss,com.buzzsprout
7ba1772e178abfc1bc2e8569e9442fc3f7a4fbea,https://feeds.buzzsprout.com/726174.rss,com.buzzsprout
7ba1772e178abfc1bc2e8569e9442fc3f7a4fbea,https://feeds.buzzsprout.com/1369372.rss,com.buzzsprout
b0e14c8111870a49d070ed69f585d493d8e845eb,https://feeds.buzzsprout.com/471520.rss,com.buzzsprout
b0e14c8111870a49d070ed69f585d493d8e845eb,https://feeds.buzzsprout.com/975034.rss,com.buzzsprout
b0e14c8111870a49d070ed69f585d493d8e845eb,https://feeds.buzzsprout.com/755519.rss,com.buzzsprout
b0e14c8111870a49d070ed69f585d493d8e845eb,https://feeds.buzzsprout.com/844348.rss,com.buzzsprout
b0e14c8111870a49d070ed69f585d493d8e845eb,https://feeds.buzzsprout.com/217107.rss,com.buzzsprout
b0e14c8111870a49d070ed69f585d493d8e845eb,https://feeds.buzzsprout.com/812753.rss,com.buzzsprout
b0e14c8111870a49d070ed69f585d493d8e845eb,https://feeds.buzzsprout.com/1449733.rss,com.buzzsprout
b0e14c8111870a49d070ed69f585d493d8e845eb,https://feeds.buzzsprout.com/1282196.rss,com.buzzsprout
b0e14c8111870a49d070ed69f585d493d8e845eb,https://feeds.buzzsprout.com/1342963.rss,com.buzzsprout
b0e14c8111870a49d070ed69f585d493d8e845eb,https://feeds.buzzsprout.com/1265507.rss,com.buzzsprout
a218230a543d10241691b400b08893625ea30442,https://feeds.buzzsprout.com/1741351.rss,com.buzzsprout
a218230a543d10241691b400b08893625ea30442,https://feeds.buzzsprout.com/609358.rss,com.buzzsprout
a218230a543d10241691b400b08893625ea30442,https://feeds.buzzsprout.com/1160768.rss,com.buzzsprout
a218230a543d10241691b400b08893625ea30442,https://feeds.buzzsprout.com/1630324.rss,com.buzzsprout
a218230a543d10241691b400b08893625ea30442,https://feeds.buzzsprout.com/1298255.rss,com.buzzsprout
a218230a543d10241691b400b08893625ea30442,https://feeds.buzzsprout.com/1537081.rss,com.buzzsprout
a218230a543d10241691b400b08893625ea30442,https://feeds.buzzsprout.com/1174349.rss,com.buzzsprout
a218230a543d10241691b400b08893625ea30442,https://feeds.buzzsprout.com/1327834.rss,com.buzzsprout
a218230a543d10241691b400b08893625ea30442,https://feeds.buzzsprout.com/1682938.rss,com.buzzsprout
a218230a543d10241691b400b08893625ea30442,https://feeds.buzzsprout.com/909664.rss,com.buzzsprout
40f47ce1d5581c597f4ef542f51b0de873d63e78,https://feeds.buzzsprout.com/1748499.rss,com.buzzsprout
40f47ce1d5581c597f4ef542f51b0de873d63e78,https://feeds.buzzsprout.com/1751213.rss,com.buzzsprout
40f47ce1d5581c597f4ef542f51b0de873d63e78,https://feeds.buzzsprout.com/985594.rss,com.buzzsprout
40f47ce1d5581c597f4ef542f51b0de873d63e78,https://feeds.buzzsprout.com/1059907.rss,com.buzzsprout
40f47ce1d5581c597f4ef542f51b0de873d63e78,https://feeds.buzzsprout.com/940729.rss,com.buzzsprout
40f47ce1d5581c597f4ef542f51b0de873d63e78,https://feeds.buzzsprout.com/1388023.rss,com.buzzsprout
40f47ce1d5581c597f4ef542f51b0de873d63e78,https://feeds.buzzsprout.com/226479.rss,com.buzzsprout
40f47ce1d5581c597f4ef542f51b0de873d63e78,https://feeds.buzzsprout.com/753410.rss,com.buzzsprout
40f47ce1d5581c597f4ef542f51b0de873d63e78,https://feeds.buzzsprout.com/1394125.rss,com.buzzsprout
40f47ce1d5581c597f4ef542f51b0de873d63e78,https://feeds.buzzsprout.com/1743080.rss,com.buzzsprout
7376b48368a349ea7826dbce8f8646bd5f75be7e,https://feeds.buzzsprout.com/1730690.rss,com.buzzsprout
7376b48368a349ea7826dbce8f8646bd5f75be7e,https://feeds.buzzsprout.com/1020559.rss,com.buzzsprout
7376b48368a349ea7826dbce8f8646bd5f75be7e,https://feeds.buzzsprout.com/1579624.rss,com.buzzsprout
7376b48368a349ea7826dbce8f8646bd5f75be7e,https://feeds.buzzsprout.com/1654639.rss,com.buzzsprout
7376b48368a349ea7826dbce8f8646bd5f75be7e,https://feeds.buzzsprout.com/279915.rss,com.buzzsprout
7376b48368a349ea7826dbce8f8646bd5f75be7e,https://feeds.buzzsprout.com/1199747.rss,com.buzzsprout
7376b48368a349ea7826dbce8f8646bd5f75be7e,https://feeds.buzzsprout.com/1566623.rss,com.buzzsprout
7376b48368a349ea7826dbce8f8646bd5f75be7e,https://feeds.buzzsprout.com/1712953.rss,com.buzzsprout
7376b48368a349ea7826dbce8f8646bd5f75be7e,https://feeds.buzzsprout.com/1486351.rss,com.buzzsprout
7376b48368a349ea7826dbce8f8646bd5f75be7e,https://feeds.buzzsprout.com/1437256.rss,com.buzzsprout
8f43ede1e54d0762bc15242afcd2c4b006f48968,https://feeds.buzzsprout.com/1520716.rss,com.buzzsprout
8f43ede1e54d0762bc15242afcd2c4b006f48968,https://feeds.buzzsprout.com/1487755.rss,com.buzzsprout
8f43ede1e54d0762bc15242afcd2c4b006f48968,https://feeds.buzzsprout.com/1605544.rss,com.buzzsprout
8f43ede1e54d0762bc15242afcd2c4b006f48968,https://feeds.buzzsprout.com/1699360.rss,com.buzzsprout
8f43ede1e54d0762bc15242afcd2c4b006f48968,https://feeds.buzzsprout.com/1226864.rss,com.buzzsprout
8f43ede1e54d0762bc15242afcd2c4b006f48968,https://feeds.buzzsprout.com/1108424.rss,com.buzzsprout
8f43ede1e54d0762bc15242afcd2c4b006f48968,https://feeds.buzzsprout.com/1230431.rss,com.buzzsprout
8f43ede1e54d0762bc15242afcd2c4b006f48968,https://feeds.buzzsprout.com/1759524.rss,com.buzzsprout
8f43ede1e54d0762bc15242afcd2c4b006f48968,https://feeds.buzzsprout.com/695488.rss,com.buzzsprout
8f43ede1e54d0762bc15242afcd2c4b006f48968,https://feeds.buzzsprout.com/1178546.rss,com.buzzsprout
7fce813b1a1e367419d0899ba4998d381e192018,https://feeds.buzzsprout.com/1365049.rss,com.buzzsprout
7fce813b1a1e367419d0899ba4998d381e192018,https://feeds.buzzsprout.com/1588774.rss,com.buzzsprout
7fce813b1a1e367419d0899ba4998d381e192018,https://feeds.buzzsprout.com/550540.rss,com.buzzsprout
7fce813b1a1e367419d0899ba4998d381e192018,https://feeds.buzzsprout.com/1787098.rss,com.buzzsprout
7fce813b1a1e367419d0899ba4998d381e192018,https://feeds.buzzsprout.com/787313.rss,com.buzzsprout
7fce813b1a1e367419d0899ba4998d381e192018,https://feeds.buzzsprout.com/1724643.rss,com.buzzsprout
7fce813b1a1e367419d0899ba4998d381e192018,https://feeds.buzzsprout.com/971812.rss,com.buzzsprout
7fce813b1a1e367419d0899ba4998d381e192018,https://feeds.buzzsprout.com/1762621.rss,com.buzzsprout
7fce813b1a1e367419d0899ba4998d381e192018,https://feeds.buzzsprout.com/1459645.rss,com.buzzsprout
7fce813b1a1e367419d0899ba4998d381e192018,https://feeds.buzzsprout.com/1265336.rss,com.buzzsprout
8a11f881c943c7373259f667ca66ad8f99d17d38,https://feeds.buzzsprout.com/1351396.rss,com.buzzsprout
8a11f881c943c7373259f667ca66ad8f99d17d38,https://feeds.buzzsprout.com/697411.rss,com.buzzsprout
8a11f881c943c7373259f667ca66ad8f99d17d38,https://feeds.buzzsprout.com/1772791.rss,com.buzzsprout
8a11f881c943c7373259f667ca66ad8f99d17d38,https://feeds.buzzsprout.com/693544.rss,com.buzzsprout
8a11f881c943c7373259f667ca66ad8f99d17d38,https://feeds.buzzsprout.com/1634224.rss,com.buzzsprout
8a11f881c943c7373259f667ca66ad8f99d17d38,https://feeds.buzzsprout.com/1220747.rss,com.buzzsprout
8a11f881c943c7373259f667ca66ad8f99d17d38,https://feeds.buzzsprout.com/781595.rss,com.buzzsprout
8a11f881c943c7373259f667ca66ad8f99d17d38,https://feeds.buzzsprout.com/933286.rss,com.buzzsprout
8a11f881c943c7373259f667ca66ad8f99d17d38,https://feeds.buzzsprout.com/375572.rss,com.buzzsprout
8a11f881c943c7373259f667ca66ad8f99d17d38,https://feeds.buzzsprout.com/1289411.rss,com.buzzsprout
ce12f55c834b5683e685e25a88111b6c330e49df,https://feeds.buzzsprout.com/1633006.rss,com.buzzsprout
ce12f55c834b5683e685e25a88111b6c330e49df,https://feeds.buzzsprout.com/958921.rss,com.buzzsprout
ce12f55c834b5683e685e25a88111b6c330e49df,https://feeds.buzzsprout.com/1741124.rss,com.buzzsprout
ce12f55c834b5683e685e25a88111b6c330e49df,https://feeds.buzzsprout.com/1320187.rss,com.buzzsprout
ce12f55c834b5683e685e25a88111b6c330e49df,https://feeds.buzzsprout.com/835603.rss,com.buzzsprout
ce12f55c834b5683e685e25a88111b6c330e49df,https://feeds.buzzsprout.com/455050.rss,com.buzzsprout
ce12f55c834b5683e685e25a88111b6c330e49df,https://feeds.buzzsprout.com/1757184.rss,com.buzzsprout
ce12f55c834b5683e685e25a88111b6c330e49df,https://feeds.buzzsprout.com/1750297.rss,com.buzzsprout
ce12f55c834b5683e685e25a88111b6c330e49df,https://feeds.buzzsprout.com/1144163.rss,com.buzzsprout
ce12f55c834b5683e685e25a88111b6c330e49df,https://feeds.buzzsprout.com/1719090.rss,com.buzzsprout
03fc1fe52002283a1b1dfab6410eb7d0a6d26c37,https://feeds.buzzsprout.com/808817.rss,com.buzzsprout
03fc1fe52002283a1b1dfab6410eb7d0a6d26c37,https://feeds.buzzsprout.com/1067773.rss,com.buzzsprout
03fc1fe52002283a1b1dfab6410eb7d0a6d26c37,https://feeds.buzzsprout.com/1293503.rss,com.buzzsprout
03fc1fe52002283a1b1dfab6410eb7d0a6d26c37,https://feeds.buzzsprout.com/1351981.rss,com.buzzsprout
03fc1fe52002283a1b1dfab6410eb7d0a6d26c37,https://feeds.buzzsprout.com/1413397.rss,com.buzzsprout
03fc1fe52002283a1b1dfab6410eb7d0a6d26c37,https://feeds.buzzsprout.com/1722384.rss,com.buzzsprout
03fc1fe52002283a1b1dfab6410eb7d0a6d26c37,https://feeds.buzzsprout.com/987286.rss,com.buzzsprout
03fc1fe52002283a1b1dfab6410eb7d0a6d26c37,https://feeds.buzzsprout.com/1492132.rss,com.buzzsprout
03fc1fe52002283a1b1dfab6410eb7d0a6d26c37,https://feeds.buzzsprout.com/1444312.rss,com.buzzsprout
03fc1fe52002283a1b1dfab6410eb7d0a6d26c37,https://feeds.buzzsprout.com/561523.rss,com.buzzsprout
623886a1857d8997cbea03498e3b36ccce108b3a,https://feeds.buzzsprout.com/1518358.rss,com.buzzsprout
623886a1857d8997cbea03498e3b36ccce108b3a,https://feeds.buzzsprout.com/1706533.rss,com.buzzsprout
623886a1857d8997cbea03498e3b36ccce108b3a,https://feeds.buzzsprout.com/870295.rss,com.buzzsprout
623886a1857d8997cbea03498e3b36ccce108b3a,https://feeds.buzzsprout.com/1333471.rss,com.buzzsprout
623886a1857d8997cbea03498e3b36ccce108b3a,https://feeds.buzzsprout.com/1763775.rss,com.buzzsprout
623886a1857d8997cbea03498e3b36ccce108b3a,https://feeds.buzzsprout.com/1105130.rss,com.buzzsprout
623886a1857d8997cbea03498e3b36ccce108b3a,https://feeds.buzzsprout.com/1336288.rss,com.buzzsprout
623886a1857d8997cbea03498e3b36ccce108b3a,https://feeds.buzzsprout.com/1727220.rss,com.buzzsprout
623886a1857d8997cbea03498e3b36ccce108b3a,https://feeds.buzzsprout.com/62778.rss,com.buzzsprout
623886a1857d8997cbea03498e3b36ccce108b3a,https://feeds.buzzsprout.com/991378.rss,com.buzzsprout
df61be45bb0f197fc8c078865d41480d621fbeba,https://feeds.buzzsprout.com/1636663.rss,com.buzzsprout
df61be45bb0f197fc8c078865d41480d621fbeba,https://feeds.buzzsprout.com/225618.rss,com.buzzsprout
df61be45bb0f197fc8c078865d41480d621fbeba,https://feeds.buzzsprout.com/1605169.rss,com.buzzsprout
df61be45bb0f197fc8c078865d41480d621fbeba,https://feeds.buzzsprout.com/710256.rss,com.buzzsprout
df61be45bb0f197fc8c078865d41480d621fbeba,https://feeds.buzzsprout.com/1707085.rss,com.buzzsprout
df61be45bb0f197fc8c078865d41480d621fbeba,https://feeds.buzzsprout.com/1382788.rss,com.buzzsprout
df61be45bb0f197fc8c078865d41480d621fbeba,https://feeds.buzzsprout.com/1729778.rss,com.buzzsprout
df61be45bb0f197fc8c078865d41480d621fbeba,https://feeds.buzzsprout.com/1439497.rss,com.buzzsprout
df61be45bb0f197fc8c078865d41480d621fbeba,https://feeds.buzzsprout.com/1366756.rss,com.buzzsprout
df61be45bb0f197fc8c078865d41480d621fbeba,https://feeds.buzzsprout.com/1597195.rss,com.buzzsprout
bd90bcb5ec434019b24eb7ac3ee2ad6faad888e1,https://feeds.buzzsprout.com/1170116.rss,com.buzzsprout
bd90bcb5ec434019b24eb7ac3ee2ad6faad888e1,https://feeds.buzzsprout.com/1047067.rss,com.buzzsprout
bd90bcb5ec434019b24eb7ac3ee2ad6faad888e1,https://feeds.buzzsprout.com/1714862.rss,com.buzzsprout
bd90bcb5ec434019b24eb7ac3ee2ad6faad888e1,https://feeds.buzzsprout.com/832783.rss,com.buzzsprout
bd90bcb5ec434019b24eb7ac3ee2ad6faad888e1,https://feeds.buzzsprout.com/1307401.rss,com.buzzsprout
bd90bcb5ec434019b24eb7ac3ee2ad6faad888e1,https://feeds.buzzsprout.com/1548958.rss,com.buzzsprout
bd90bcb5ec434019b24eb7ac3ee2ad6faad888e1,https://feeds.buzzsprout.com/1736825.rss,com.buzzsprout
bd90bcb5ec434019b24eb7ac3ee2ad6faad888e1,https://feeds.buzzsprout.com/1117220.rss,com.buzzsprout
bd90bcb5ec434019b24eb7ac3ee2ad6faad888e1,https://feeds.buzzsprout.com/232508.rss,com.buzzsprout
bd90bcb5ec434019b24eb7ac3ee2ad6faad888e1,https://feeds.buzzsprout.com/387535.rss,com.buzzsprout
4e79505ed9634caa0a1737d35ac7355a8d3d4cf8,https://feeds.buzzsprout.com/1433818.rss,com.buzzsprout
4e79505ed9634caa0a1737d35ac7355a8d3d4cf8,https://feeds.buzzsprout.com/1624843.rss,com.buzzsprout
4e79505ed9634caa0a1737d35ac7355a8d3d4cf8,https://feeds.buzzsprout.com/1747119.rss,com.buzzsprout
4e79505ed9634caa0a1737d35ac7355a8d3d4cf8,https://feeds.buzzsprout.com/1665556.rss,com.buzzsprout
4e79505ed9634caa0a1737d35ac7355a8d3d4cf8,https://feeds.buzzsprout.com/1192712.rss,com.buzzsprout
4e79505ed9634caa0a1737d35ac7355a8d3d4cf8,https://feeds.buzzsprout.com/989677.rss,com.buzzsprout
4e79505ed9634caa0a1737d35ac7355a8d3d4cf8,https://feeds.buzzsprout.com/670900.rss,com.buzzsprout
4e79505ed9634caa0a1737d35ac7355a8d3d4cf8,https://feeds.buzzsprout.com/1196690.rss,com.buzzsprout
4e79505ed9634caa0a1737d35ac7355a8d3d4cf8,https://feeds.buzzsprout.com/1726285.rss,com.buzzsprout
4e79505ed9634caa0a1737d35ac7355a8d3d4cf8,https://feeds.buzzsprout.com/1728980.rss,com.buzzsprout
0847c9330eed34ede3e5f824a24921488c46e44c,https://feeds.buzzsprout.com/1593100.rss,com.buzzsprout
0847c9330eed34ede3e5f824a24921488c46e44c,https://feeds.buzzsprout.com/1621762.rss,com.buzzsprout
0847c9330eed34ede3e5f824a24921488c46e44c,https://feeds.buzzsprout.com/1004629.rss,com.buzzsprout
0847c9330eed34ede3e5f824a24921488c46e44c,https://feeds.buzzsprout.com/1716423.rss,com.buzzsprout
0847c9330eed34ede3e5f824a24921488c46e44c,https://feeds.buzzsprout.com/1589902.rss,com.buzzsprout
0847c9330eed34ede3e5f824a24921488c46e44c,https://feeds.buzzsprout.com/1757818.rss,com.buzzsprout
0847c9330eed34ede3e5f824a24921488c46e44c,https://feeds.buzzsprout.com/1728203.rss,com.buzzsprout
0847c9330eed34ede3e5f824a24921488c46e44c,https://feeds.buzzsprout.com/750245.rss,com.buzzsprout
0847c9330eed34ede3e5f824a24921488c46e44c,https://feeds.buzzsprout.com/1138511.rss,com.buzzsprout
0847c9330eed34ede3e5f824a24921488c46e44c,https://feeds.buzzsprout.com/1599931.rss,com.buzzsprout
03d643c8ac49ff4c059012125328065a44f5d8cb,https://feeds.buzzsprout.com/989308.rss,com.buzzsprout
03d643c8ac49ff4c059012125328065a44f5d8cb,https://feeds.buzzsprout.com/1239179.rss,com.buzzsprout
03d643c8ac49ff4c059012125328065a44f5d8cb,https://feeds.buzzsprout.com/839980.rss,com.buzzsprout
03d643c8ac49ff4c059012125328065a44f5d8cb,https://feeds.buzzsprout.com/1726348.rss,com.buzzsprout
03d643c8ac49ff4c059012125328065a44f5d8cb,https://feeds.buzzsprout.com/825952.rss,com.buzzsprout
03d643c8ac49ff4c059012125328065a44f5d8cb,https://feeds.buzzsprout.com/1740640.rss,com.buzzsprout
03d643c8ac49ff4c059012125328065a44f5d8cb,https://feeds.buzzsprout.com/1182383.rss,com.buzzsprout
03d643c8ac49ff4c059012125328065a44f5d8cb,https://feeds.buzzsprout.com/1153175.rss,com.buzzsprout
03d643c8ac49ff4c059012125328065a44f5d8cb,https://feeds.buzzsprout.com/1455892.rss,com.buzzsprout
03d643c8ac49ff4c059012125328065a44f5d8cb,https://feeds.buzzsprout.com/1189652.rss,com.buzzsprout
138af67139bd436b0af80ccd8e86e3fc33a2d3e5,https://feeds.buzzsprout.com/1244864.rss,com.buzzsprout
138af67139bd436b0af80ccd8e86e3fc33a2d3e5,https://feeds.buzzsprout.com/1732476.rss,com.buzzsprout
138af67139bd436b0af80ccd8e86e3fc33a2d3e5,https://feeds.buzzsprout.com/1675327.rss,com.buzzsprout
138af67139bd436b0af80ccd8e86e3fc33a2d3e5,https://feeds.buzzsprout.com/1207589.rss,com.buzzsprout
138af67139bd436b0af80ccd8e86e3fc33a2d3e5,https://feeds.buzzsprout.com/991828.rss,com.buzzsprout
138af67139bd436b0af80ccd8e86e3fc33a2d3e5,https://feeds.buzzsprout.com/1687876.rss,com.buzzsprout
138af67139bd436b0af80ccd8e86e3fc33a2d3e5,https://feeds.buzzsprout.com/1397125.rss,com.buzzsprout
138af67139bd436b0af80ccd8e86e3fc33a2d3e5,https://feeds.buzzsprout.com/289534.rss,com.buzzsprout
138af67139bd436b0af80ccd8e86e3fc33a2d3e5,https://feeds.buzzsprout.com/1522108.rss,com.buzzsprout
138af67139bd436b0af80ccd8e86e3fc33a2d3e5,https://feeds.buzzsprout.com/623860.rss,com.buzzsprout
872590ce45f93ba1a961aa2fe95c8d4be84eb1ff,https://feeds.buzzsprout.com/1773325.rss,com.buzzsprout
872590ce45f93ba1a961aa2fe95c8d4be84eb1ff,https://feeds.buzzsprout.com/1788871.rss,com.buzzsprout
872590ce45f93ba1a961aa2fe95c8d4be84eb1ff,https://feeds.buzzsprout.com/1221659.rss,com.buzzsprout
872590ce45f93ba1a961aa2fe95c8d4be84eb1ff,https://feeds.buzzsprout.com/1788873.rss,com.buzzsprout
872590ce45f93ba1a961aa2fe95c8d4be84eb1ff,https://feeds.buzzsprout.com/888925.rss,com.buzzsprout
872590ce45f93ba1a961aa2fe95c8d4be84eb1ff,https://feeds.buzzsprout.com/1232192.rss,com.buzzsprout
872590ce45f93ba1a961aa2fe95c8d4be84eb1ff,https://feeds.buzzsprout.com/1165652.rss,com.buzzsprout
872590ce45f93ba1a961aa2fe95c8d4be84eb1ff,https://feeds.buzzsprout.com/1322572.rss,com.buzzsprout
872590ce45f93ba1a961aa2fe95c8d4be84eb1ff,https://feeds.buzzsprout.com/1694095.rss,com.buzzsprout
872590ce45f93ba1a961aa2fe95c8d4be84eb1ff,https://feeds.buzzsprout.com/1175951.rss,com.buzzsprout
d417826814f52e6f3938eba5f6a1ce0213f635d1,https://feeds.buzzsprout.com/1222310.rss,com.buzzsprout
d417826814f52e6f3938eba5f6a1ce0213f635d1,https://feeds.buzzsprout.com/983137.rss,com.buzzsprout
d417826814f52e6f3938eba5f6a1ce0213f635d1,https://feeds.buzzsprout.com/1133147.rss,com.buzzsprout
d417826814f52e6f3938eba5f6a1ce0213f635d1,https://feeds.buzzsprout.com/1788878.rss,com.buzzsprout
d417826814f52e6f3938eba5f6a1ce0213f635d1,https://feeds.buzzsprout.com/1760766.rss,com.buzzsprout
d417826814f52e6f3938eba5f6a1ce0213f635d1,https://feeds.buzzsprout.com/1503133.rss,com.buzzsprout
d417826814f52e6f3938eba5f6a1ce0213f635d1,https://feeds.buzzsprout.com/1788883.rss,com.buzzsprout
d417826814f52e6f3938eba5f6a1ce0213f635d1,https://feeds.buzzsprout.com/1089212.rss,com.buzzsprout
d417826814f52e6f3938eba5f6a1ce0213f635d1,https://feeds.buzzsprout.com/1739074.rss,com.buzzsprout
d417826814f52e6f3938eba5f6a1ce0213f635d1,https://feeds.buzzsprout.com/1578196.rss,com.buzzsprout
8f8d75868cf1a6bf82ebc9681ffa05958dfbd9f8,https://feeds.buzzsprout.com/1635586.rss,com.buzzsprout
8f8d75868cf1a6bf82ebc9681ffa05958dfbd9f8,https://feeds.buzzsprout.com/1677556.rss,com.buzzsprout
8f8d75868cf1a6bf82ebc9681ffa05958dfbd9f8,https://feeds.buzzsprout.com/1507000.rss,com.buzzsprout
8f8d75868cf1a6bf82ebc9681ffa05958dfbd9f8,https://feeds.buzzsprout.com/572578.rss,com.buzzsprout
8f8d75868cf1a6bf82ebc9681ffa05958dfbd9f8,https://feeds.buzzsprout.com/1438333.rss,com.buzzsprout
8f8d75868cf1a6bf82ebc9681ffa05958dfbd9f8,https://feeds.buzzsprout.com/1767224.rss,com.buzzsprout
8f8d75868cf1a6bf82ebc9681ffa05958dfbd9f8,https://feeds.buzzsprout.com/804542.rss,com.buzzsprout
8f8d75868cf1a6bf82ebc9681ffa05958dfbd9f8,https://feeds.buzzsprout.com/1772182.rss,com.buzzsprout
8f8d75868cf1a6bf82ebc9681ffa05958dfbd9f8,https://feeds.buzzsprout.com/1381390.rss,com.buzzsprout
8f8d75868cf1a6bf82ebc9681ffa05958dfbd9f8,https://feeds.buzzsprout.com/1187600.rss,com.buzzsprout
c14eeff2607d0c4f6ba6da87a2ddb6b40bdcccfd,https://feeds.buzzsprout.com/1588684.rss,com.buzzsprout
c14eeff2607d0c4f6ba6da87a2ddb6b40bdcccfd,https://feeds.buzzsprout.com/1750069.rss,com.buzzsprout
c14eeff2607d0c4f6ba6da87a2ddb6b40bdcccfd,https://feeds.buzzsprout.com/1786367.rss,com.buzzsprout
c14eeff2607d0c4f6ba6da87a2ddb6b40bdcccfd,https://feeds.buzzsprout.com/1717697.rss,com.buzzsprout
c14eeff2607d0c4f6ba6da87a2ddb6b40bdcccfd,https://feeds.buzzsprout.com/1775999.rss,com.buzzsprout
c14eeff2607d0c4f6ba6da87a2ddb6b40bdcccfd,https://feeds.buzzsprout.com/1476640.rss,com.buzzsprout
c14eeff2607d0c4f6ba6da87a2ddb6b40bdcccfd,https://feeds.buzzsprout.com/761645.rss,com.buzzsprout
c14eeff2607d0c4f6ba6da87a2ddb6b40bdcccfd,https://feeds.buzzsprout.com/1788050.rss,com.buzzsprout
c14eeff2607d0c4f6ba6da87a2ddb6b40bdcccfd,https://feeds.buzzsprout.com/1742949.rss,com.buzzsprout
c14eeff2607d0c4f6ba6da87a2ddb6b40bdcccfd,https://feeds.buzzsprout.com/1716929.rss,com.buzzsprout
7d9ef56725e3ad4af448824f1ec64b1b68047dcc,https://feeds.captivate.fm/djynews,fm.captivate
7d9ef56725e3ad4af448824f1ec64b1b68047dcc,https://feeds.buzzsprout.com/1524022.rss,com.buzzsprout
7d9ef56725e3ad4af448824f1ec64b1b68047dcc,https://feeds.buzzsprout.com/1574173.rss,com.buzzsprout
7d9ef56725e3ad4af448824f1ec64b1b68047dcc,https://feeds.buzzsprout.com/1729369.rss,com.buzzsprout
7d9ef56725e3ad4af448824f1ec64b1b68047dcc,https://feeds.buzzsprout.com/1446733.rss,com.buzzsprout
7d9ef56725e3ad4af448824f1ec64b1b68047dcc,https://feeds.buzzsprout.com/216621.rss,com.buzzsprout
7d9ef56725e3ad4af448824f1ec64b1b68047dcc,https://feeds.buzzsprout.com/1135022.rss,com.buzzsprout
7d9ef56725e3ad4af448824f1ec64b1b68047dcc,https://feeds.buzzsprout.com/1433674.rss,com.buzzsprout
7d9ef56725e3ad4af448824f1ec64b1b68047dcc,https://feeds.buzzsprout.com/1494253.rss,com.buzzsprout
7d9ef56725e3ad4af448824f1ec64b1b68047dcc,https://feeds.buzzsprout.com/992704.rss,com.buzzsprout
4f1e7f97f8d73a1b9563c44b5c93de3f3d55e7ec,https://feeds.buzzsprout.com/1143062.rss,com.buzzsprout
4f1e7f97f8d73a1b9563c44b5c93de3f3d55e7ec,https://feeds.buzzsprout.com/90361.rss,com.buzzsprout
4f1e7f97f8d73a1b9563c44b5c93de3f3d55e7ec,https://feeds.captivate.fm/9wid1734ml7sc3omgmwetc,fm.captivate
4f1e7f97f8d73a1b9563c44b5c93de3f3d55e7ec,https://feeds.captivate.fm/in-the-money-media-network,fm.captivate
47100e7b2930f6ec216b2ca1ec0b71b50fc1d6e6,https://feeds.buzzsprout.com/1747525.rss,com.buzzsprout
47100e7b2930f6ec216b2ca1ec0b71b50fc1d6e6,https://feeds.buzzsprout.com/1446430.rss,com.buzzsprout
47100e7b2930f6ec216b2ca1ec0b71b50fc1d6e6,https://feeds.buzzsprout.com/1523923.rss,com.buzzsprout
47100e7b2930f6ec216b2ca1ec0b71b50fc1d6e6,https://feeds.buzzsprout.com/979936.rss,com.buzzsprout
47100e7b2930f6ec216b2ca1ec0b71b50fc1d6e6,https://feeds.buzzsprout.com/1413202.rss,com.buzzsprout
47100e7b2930f6ec216b2ca1ec0b71b50fc1d6e6,https://feeds.buzzsprout.com/82634.rss,com.buzzsprout
47100e7b2930f6ec216b2ca1ec0b71b50fc1d6e6,https://feeds.buzzsprout.com/999415.rss,com.buzzsprout
47100e7b2930f6ec216b2ca1ec0b71b50fc1d6e6,https://feeds.buzzsprout.com/1599115.rss,com.buzzsprout
b7ef7bf24bffa760053da46dc6c40152b0ce1c1f,https://feeds.buzzsprout.com/194867.rss,com.buzzsprout
b7ef7bf24bffa760053da46dc6c40152b0ce1c1f,https://feeds.buzzsprout.com/802262.rss,com.buzzsprout
b7ef7bf24bffa760053da46dc6c40152b0ce1c1f,https://feeds.buzzsprout.com/1185233.rss,com.buzzsprout
fb386a3420bbde37216b057cae6bd3f4113511cd,https://feeds.buzzsprout.com/1493878.rss,com.buzzsprout
fb386a3420bbde37216b057cae6bd3f4113511cd,https://feeds.buzzsprout.com/1557398.rss,com.buzzsprout
fb386a3420bbde37216b057cae6bd3f4113511cd,https://media.rss.com/theblackpsychologistpodcast/feed.xml,com.rss
a596e93baa23d58e55f1cc62cfb717ca1019b86c,https://feeds.buzzsprout.com/1743608.rss,com.buzzsprout
a596e93baa23d58e55f1cc62cfb717ca1019b86c,https://feeds.captivate.fm/migrantes-exitosos,fm.captivate
a596e93baa23d58e55f1cc62cfb717ca1019b86c,https://feeds.buzzsprout.com/1645408.rss,com.buzzsprout
b0077f52d74f3a138dcd3f49a62a13d02ef74c07,https://feeds.buzzsprout.com/199226.rss,com.buzzsprout
b0077f52d74f3a138dcd3f49a62a13d02ef74c07,https://feeds.captivate.fm/9wid1734ml7sc3omgmwetc,fm.captivate
b0077f52d74f3a138dcd3f49a62a13d02ef74c07,https://feeds.buzzsprout.com/1749254.rss,com.buzzsprout
b0077f52d74f3a138dcd3f49a62a13d02ef74c07,https://feeds.buzzsprout.com/1306363.rss,com.buzzsprout
b0077f52d74f3a138dcd3f49a62a13d02ef74c07,https://feeds.buzzsprout.com/1220255.rss,com.buzzsprout
ae2720f2ede1e8077f3fabea8594130d78bb9ae8,https://media.rss.com/davidovashow/feed.xml,com.rss
ae2720f2ede1e8077f3fabea8594130d78bb9ae8,https://feeds.buzzsprout.com/1195988.rss,com.buzzsprout
1f739b43f5c2ebe1d4fdbc9a6e9c194637be5b92,https://feeds.buzzsprout.com/1759524.rss,com.buzzsprout
1f739b43f5c2ebe1d4fdbc9a6e9c194637be5b92,https://feeds.buzzsprout.com/1788868.rss,com.buzzsprout
1f739b43f5c2ebe1d4fdbc9a6e9c194637be5b92,https://feeds.buzzsprout.com/1722801.rss,com.buzzsprout
1f739b43f5c2ebe1d4fdbc9a6e9c194637be5b92,https://media.rss.com/the715/feed.xml,com.rss
0219924378b6f539d8f083a1128e8102a65356b7,https://feeds.buzzsprout.com/1777554.rss,com.buzzsprout
0219924378b6f539d8f083a1128e8102a65356b7,https://feeds.buzzsprout.com/1697164.rss,com.buzzsprout
0219924378b6f539d8f083a1128e8102a65356b7,https://feeds.captivate.fm/redesign-records,fm.captivate
0219924378b6f539d8f083a1128e8102a65356b7,https://feeds.buzzsprout.com/135746.rss,com.buzzsprout
64801df6b31fc9610419d2e65a58531816cd57e2,https://feeds.buzzsprout.com/1629313.rss,com.buzzsprout
64801df6b31fc9610419d2e65a58531816cd57e2,https://feeds.buzzsprout.com/1032514.rss,com.buzzsprout
64801df6b31fc9610419d2e65a58531816cd57e2,https://media.rss.com/bethanievictoria/feed.xml,com.rss
dd12c3849ea81be6940cfd1677fde1ecc4aa978a,https://feeds.buzzsprout.com/256259.rss,com.buzzsprout
dd12c3849ea81be6940cfd1677fde1ecc4aa978a,https://media.rss.com/poetaribelle/feed.xml,com.rss
dd12c3849ea81be6940cfd1677fde1ecc4aa978a,https://feeds.buzzsprout.com/1717692.rss,com.buzzsprout
bda8a56b64f0c6a4f497f77e2569396048746841,https://media.rss.com/poetaribelle/feed.xml,com.rss
bda8a56b64f0c6a4f497f77e2569396048746841,https://feeds.buzzsprout.com/1704247.rss,com.buzzsprout
919c09695af5c0169fe2932e3916d753a1b77913,https://feeds.buzzsprout.com/1433674.rss,com.buzzsprout
919c09695af5c0169fe2932e3916d753a1b77913,https://media.rss.com/the715/feed.xml,com.rss
919c09695af5c0169fe2932e3916d753a1b77913,https://feeds.buzzsprout.com/991828.rss,com.buzzsprout
e50504f2042e4fb0745dea235b3eb20a695cb629,https://feeds.buzzsprout.com/1118606.rss,com.buzzsprout
064963c878cf68a3c5692c09d2f904880fe19387,https://feeds.buzzsprout.com/360809.rss,com.buzzsprout
064963c878cf68a3c5692c09d2f904880fe19387,https://feeds.buzzsprout.com/1614973.rss,com.buzzsprout
064963c878cf68a3c5692c09d2f904880fe19387,https://feeds.buzzsprout.com/686669.rss,com.buzzsprout
064963c878cf68a3c5692c09d2f904880fe19387,https://feeds.buzzsprout.com/1396540.rss,com.buzzsprout
096d8b0c6785387caa4847caf31de6b55e0d070b,https://feeds.buzzsprout.com/1161269.rss,com.buzzsprout
096d8b0c6785387caa4847caf31de6b55e0d070b,https://feeds.buzzsprout.com/1335907.rss,com.buzzsprout
52e39c66e83d34b93127adece9255525216feed0,https://feeds.buzzsprout.com/1603081.rss,com.buzzsprout
52e39c66e83d34b93127adece9255525216feed0,https://feeds.buzzsprout.com/1622527.rss,com.buzzsprout
52e39c66e83d34b93127adece9255525216feed0,https://feeds.buzzsprout.com/1677556.rss,com.buzzsprout
52e39c66e83d34b93127adece9255525216feed0,https://media.rss.com/karthi/feed.xml,com.rss
04346363713d496c7719d0e6336ffbc045927bb2,https://feeds.buzzsprout.com/1754380.rss,com.buzzsprout
04346363713d496c7719d0e6336ffbc045927bb2,https://media.rss.com/ongehoord/feed.xml,com.rss
04346363713d496c7719d0e6336ffbc045927bb2,https://feeds.captivate.fm/samfundstanker,fm.captivate
04346363713d496c7719d0e6336ffbc045927bb2,https://feeds.buzzsprout.com/974734.rss,com.buzzsprout
4c1f1f832ead37b568f7712fa42534ebcf4b7aac,https://feeds.buzzsprout.com/1290050.rss,com.buzzsprout
4c1f1f832ead37b568f7712fa42534ebcf4b7aac,https://feeds.buzzsprout.com/1229792.rss,com.buzzsprout
219562d86dcad4a6d4158576a61cc93be7228a5f,https://media.rss.com/heroesjourney/feed.xml,com.rss
219562d86dcad4a6d4158576a61cc93be7228a5f,https://feeds.buzzsprout.com/1778428.rss,com.buzzsprout
219562d86dcad4a6d4158576a61cc93be7228a5f,https://feeds.buzzsprout.com/1143305.rss,com.buzzsprout
4dc109ee54c0bf17b469e035f1c1ba34440a1150,https://feeds.buzzsprout.com/1740274.rss,com.buzzsprout
79f0745e325a20e94571f855ead072142ad2e09b,https://feeds.buzzsprout.com/1759524.rss,com.buzzsprout
79f0745e325a20e94571f855ead072142ad2e09b,https://feeds.buzzsprout.com/1317508.rss,com.buzzsprout
79f0745e325a20e94571f855ead072142ad2e09b,https://feeds.buzzsprout.com/593338.rss,com.buzzsprout
bf1ae622e82540ba2285a78713d2f9b7256be49b,https://feeds.buzzsprout.com/265442.rss,com.buzzsprout
bf1ae622e82540ba2285a78713d2f9b7256be49b,https://feeds.captivate.fm/9wid1734ml7sc3omgmwetc,fm.captivate
bf1ae622e82540ba2285a78713d2f9b7256be49b,https://feeds.buzzsprout.com/1482790.rss,com.buzzsprout
bf1ae622e82540ba2285a78713d2f9b7256be49b,https://feeds.buzzsprout.com/1535056.rss,com.buzzsprout
41f2560a5de0744691c9e2cdd8d8f9c18f68894e,https://feeds.buzzsprout.com/1310728.rss,com.buzzsprout
41f2560a5de0744691c9e2cdd8d8f9c18f68894e,https://feeds.buzzsprout.com/1784959.rss,com.buzzsprout
fe4c0a88591a17673ae49ca668113b2110d5e85c,https://media.rss.com/vagosfm/feed.xml,com.rss
fe4c0a88591a17673ae49ca668113b2110d5e85c,https://feeds.buzzsprout.com/1733439.rss,com.buzzsprout
fe4c0a88591a17673ae49ca668113b2110d5e85c,https://feeds.buzzsprout.com/1745829.rss,com.buzzsprout
fe4c0a88591a17673ae49ca668113b2110d5e85c,https://feeds.buzzsprout.com/1599757.rss,com.buzzsprout
fe4c0a88591a17673ae49ca668113b2110d5e85c,https://feeds.buzzsprout.com/1595155.rss,com.buzzsprout
0894bd9af30c3a4ed0744a961fd95c3f224bfe90,https://feeds.buzzsprout.com/1300393.rss,com.buzzsprout
0894bd9af30c3a4ed0744a961fd95c3f224bfe90,https://feeds.buzzsprout.com/542092.rss,com.buzzsprout
0894bd9af30c3a4ed0744a961fd95c3f224bfe90,https://feeds.buzzsprout.com/266646.rss,com.buzzsprout
0894bd9af30c3a4ed0744a961fd95c3f224bfe90,https://feeds.buzzsprout.com/1624345.rss,com.buzzsprout
fccce2f3fa57179648e86e9131dbaa39bded0b92,https://feeds.buzzsprout.com/132674.rss,com.buzzsprout
fccce2f3fa57179648e86e9131dbaa39bded0b92,https://feeds.buzzsprout.com/1200380.rss,com.buzzsprout
fccce2f3fa57179648e86e9131dbaa39bded0b92,https://feeds.buzzsprout.com/1464193.rss,com.buzzsprout
fccce2f3fa57179648e86e9131dbaa39bded0b92,https://feeds.buzzsprout.com/1788140.rss,com.buzzsprout
d2f63e30e9382249a1631b23ad13bb8e524f948f,https://feeds.buzzsprout.com/1618834.rss,com.buzzsprout
86c837fcb39477761f0863c1d2d65620b37b816f,https://feeds.buzzsprout.com/17559.rss,com.buzzsprout
86c837fcb39477761f0863c1d2d65620b37b816f,https://feeds.captivate.fm/thekoanreport,fm.captivate
86c837fcb39477761f0863c1d2d65620b37b816f,https://media.rss.com/zghazagh/feed.xml,com.rss
5df0c1f7b5957dafae3c7380b2cf6980b76b545b,https://media.rss.com/qloudx/feed.xml,com.rss
acb3d585809cbdea3cb1f1809d40c61176c4faa7,https://feeds.buzzsprout.com/1779193.rss,com.buzzsprout
acb3d585809cbdea3cb1f1809d40c61176c4faa7,https://media.rss.com/qloudx/feed.xml,com.rss
00b111f9cd599baa1dd5443fb8b1d513c62f3280,https://feeds.buzzsprout.com/965110.rss,com.buzzsprout
00b111f9cd599baa1dd5443fb8b1d513c62f3280,https://feeds.captivate.fm/9wid1734ml7sc3omgmwetc,fm.captivate
00b111f9cd599baa1dd5443fb8b1d513c62f3280,https://feeds.captivate.fm/hw6q9kmdvdmwu6kaj8prua,fm.captivate
90fa73ac8d9f5208e5f641b84c1dfaf13755e46f,https://feeds.buzzsprout.com/1482823.rss,com.buzzsprout
90fa73ac8d9f5208e5f641b84c1dfaf13755e46f,https://media.rss.com/vagosfm/feed.xml,com.rss
525af6db46bdd5281e80133f00f1b9cda554260e,https://feeds.buzzsprout.com/1689220.rss,com.buzzsprout
525af6db46bdd5281e80133f00f1b9cda554260e,https://feeds.buzzsprout.com/1263923.rss,com.buzzsprout
13704ed44e3826ca5e0fc4cc14169a2e241a112b,https://feeds.buzzsprout.com/746561.rss,com.buzzsprout
13704ed44e3826ca5e0fc4cc14169a2e241a112b,https://media.rss.com/ongehoord/feed.xml,com.rss
1f63a492343538381c6803c5bf515620108a13e9,https://feeds.buzzsprout.com/1776882.rss,com.buzzsprout
1f63a492343538381c6803c5bf515620108a13e9,https://feeds.buzzsprout.com/791084.rss,com.buzzsprout
1f63a492343538381c6803c5bf515620108a13e9,https://feeds.captivate.fm/9wid1734ml7sc3omgmwetc,fm.captivate
1f63a492343538381c6803c5bf515620108a13e9,https://feeds.buzzsprout.com/259502.rss,com.buzzsprout
1f63a492343538381c6803c5bf515620108a13e9,https://feeds.buzzsprout.com/704598.rss,com.buzzsprout
969dfdd2ac4377f8c0c36a48bbd4e0ea714024b6,https://feeds.buzzsprout.com/1387072.rss,com.buzzsprout
969dfdd2ac4377f8c0c36a48bbd4e0ea714024b6,https://feeds.buzzsprout.com/1621975.rss,com.buzzsprout
739e06bf760f9874e1c1dc7a31fdc4ec65e07bd9,https://feeds.buzzsprout.com/1639447.rss,com.buzzsprout
95efa916654d11f963287146955ce6038dde2fd4,https://feeds.buzzsprout.com/1781309.rss,com.buzzsprout
95efa916654d11f963287146955ce6038dde2fd4,https://feeds.buzzsprout.com/781157.rss,com.buzzsprout
95efa916654d11f963287146955ce6038dde2fd4,https://feeds.buzzsprout.com/1290050.rss,com.buzzsprout
95efa916654d11f963287146955ce6038dde2fd4,https://media.rss.com/vagosfm/feed.xml,com.rss
2b7976e5e8b16ea7ed587ae4e1cfe2d8471db405,https://feeds.buzzsprout.com/1743680.rss,com.buzzsprout
2b7976e5e8b16ea7ed587ae4e1cfe2d8471db405,https://feeds.buzzsprout.com/1531265.rss,com.buzzsprout
2b7976e5e8b16ea7ed587ae4e1cfe2d8471db405,https://feeds.buzzsprout.com/602962.rss,com.buzzsprout
2b7976e5e8b16ea7ed587ae4e1cfe2d8471db405,https://feeds.buzzsprout.com/1588684.rss,com.buzzsprout
ce5ea561de633fa832dbf9f24ae630bfcb4cfadb,https://feeds.buzzsprout.com/1198175.rss,com.buzzsprout
ce5ea561de633fa832dbf9f24ae630bfcb4cfadb,https://feeds.buzzsprout.com/1521994.rss,com.buzzsprout
ce5ea561de633fa832dbf9f24ae630bfcb4cfadb,https://feeds.buzzsprout.com/968239.rss,com.buzzsprout
5be302c7a1b48af288bb9ea28aa742ff7abf5231,https://media.rss.com/mgclegal/feed.xml,com.rss
5be302c7a1b48af288bb9ea28aa742ff7abf5231,https://media.rss.com/sixtwoseven/feed.xml,com.rss
c849d2c99792e44e770a5c024e65e8c8683807b5,https://media.rss.com/avgpodcast/feed.xml,com.rss
c849d2c99792e44e770a5c024e65e8c8683807b5,https://media.rss.com/thefast5pod/feed.xml,com.rss
c849d2c99792e44e770a5c024e65e8c8683807b5,https://media.rss.com/theyespilepodcast/feed.xml,com.rss
c849d2c99792e44e770a5c024e65e8c8683807b5,https://media.rss.com/bradleyshousepodcast/feed.xml,com.rss
c849d2c99792e44e770a5c024e65e8c8683807b5,https://media.rss.com/metapol/feed.xml,com.rss
c849d2c99792e44e770a5c024e65e8c8683807b5,https://media.rss.com/devilfruit/feed.xml,com.rss
c849d2c99792e44e770a5c024e65e8c8683807b5,https://media.rss.com/prolifeguys/feed.xml,com.rss
c849d2c99792e44e770a5c024e65e8c8683807b5,https://feeds.buzzsprout.com/1215113.rss,com.buzzsprout
c849d2c99792e44e770a5c024e65e8c8683807b5,https://feeds.captivate.fm/confident-closer,fm.captivate
fc569e9c3bf78ac4b6fce1bbcf5046399e4873f1,https://feeds.captivate.fm/useyourwordspod,fm.captivate
fc569e9c3bf78ac4b6fce1bbcf5046399e4873f1,https://feeds.captivate.fm/growing-pulse-crops,fm.captivate
fc569e9c3bf78ac4b6fce1bbcf5046399e4873f1,https://feeds.captivate.fm/chaos-and-cookies,fm.captivate
fc569e9c3bf78ac4b6fce1bbcf5046399e4873f1,https://feeds.captivate.fm/pop,fm.captivate
fc569e9c3bf78ac4b6fce1bbcf5046399e4873f1,https://feeds.captivate.fm/inmyexpertopinion,fm.captivate
fc569e9c3bf78ac4b6fce1bbcf5046399e4873f1,https://feeds.captivate.fm/repurposed,fm.captivate
fc569e9c3bf78ac4b6fce1bbcf5046399e4873f1,https://feeds.captivate.fm/plant-ahead,fm.captivate
fc569e9c3bf78ac4b6fce1bbcf5046399e4873f1,https://feeds.captivate.fm/wpgu-news,fm.captivate
fc569e9c3bf78ac4b6fce1bbcf5046399e4873f1,https://feeds.captivate.fm/the-hingham-cast,fm.captivate
fc569e9c3bf78ac4b6fce1bbcf5046399e4873f1,https://feeds.captivate.fm/relationship-centered-learning,fm.captivate
b839495336f87af2f724f6a59c1fece0ab2e2b81,https://feeds.captivate.fm/ubcnewsworld,fm.captivate
b839495336f87af2f724f6a59c1fece0ab2e2b81,https://feeds.captivate.fm/chasing-the-son,fm.captivate
b839495336f87af2f724f6a59c1fece0ab2e2b81,https://feeds.captivate.fm/reach-over-culture-podc2,fm.captivate
b839495336f87af2f724f6a59c1fece0ab2e2b81,https://feeds.captivate.fm/sportsrecovery,fm.captivate
b839495336f87af2f724f6a59c1fece0ab2e2b81,https://feeds.captivate.fm/the-give-back-model,fm.captivate
b839495336f87af2f724f6a59c1fece0ab2e2b81,https://feeds.captivate.fm/inaudible,fm.captivate
b839495336f87af2f724f6a59c1fece0ab2e2b81,https://feeds.captivate.fm/audaciousintent,fm.captivate
b839495336f87af2f724f6a59c1fece0ab2e2b81,https://feeds.captivate.fm/setconditionone,fm.captivate
b839495336f87af2f724f6a59c1fece0ab2e2b81,https://feeds.captivate.fm/once-upon-a-time-in-ado,fm.captivate
b839495336f87af2f724f6a59c1fece0ab2e2b81,https://feeds.buzzsprout.com/1747819.rss,com.buzzsprout
398016fb33edb4e0a77b3a8453c2c26fb936a80b,https://feeds.buzzsprout.com/1780827.rss,com.buzzsprout
398016fb33edb4e0a77b3a8453c2c26fb936a80b,https://feeds.buzzsprout.com/593338.rss,com.buzzsprout
77c9dab6b009c289481db57f0a936c1f787e3642,https://media.rss.com/jr2/feed.xml,com.rss
77c9dab6b009c289481db57f0a936c1f787e3642,https://feeds.buzzsprout.com/1574551.rss,com.buzzsprout
77c9dab6b009c289481db57f0a936c1f787e3642,https://feeds.buzzsprout.com/688379.rss,com.buzzsprout
77c9dab6b009c289481db57f0a936c1f787e3642,https://media.rss.com/vagosfm/feed.xml,com.rss
77c9dab6b009c289481db57f0a936c1f787e3642,https://feeds.buzzsprout.com/368756.rss,com.buzzsprout
77c9dab6b009c289481db57f0a936c1f787e3642,https://feeds.buzzsprout.com/1740890.rss,com.buzzsprout
19bbb5c88322bb6ed19eede78cff5348d4478ccb,https://feeds.buzzsprout.com/1743549.rss,com.buzzsprout
19bbb5c88322bb6ed19eede78cff5348d4478ccb,https://feeds.buzzsprout.com/1420795.rss,com.buzzsprout
19bbb5c88322bb6ed19eede78cff5348d4478ccb,https://feeds.buzzsprout.com/1784216.rss,com.buzzsprout
2486814b8d7f54dc72d346155ae98ab258baf518,https://podnews.net/rss,net.podnews
3642ae23caa712e9ce2ad3752c6012fdf6af7fa0,https://feeds.buzzsprout.com/1774179.rss,com.buzzsprout
3642ae23caa712e9ce2ad3752c6012fdf6af7fa0,https://feeds.buzzsprout.com/752318.rss,com.buzzsprout
3642ae23caa712e9ce2ad3752c6012fdf6af7fa0,https://feeds.buzzsprout.com/1357792.rss,com.buzzsprout
3642ae23caa712e9ce2ad3752c6012fdf6af7fa0,https://feeds.buzzsprout.com/239425.rss,com.buzzsprout
753c3e951d2048f8e02b44cbc4cdd28a8262e66c,https://media.rss.com/iaslt/feed.xml,com.rss
753c3e951d2048f8e02b44cbc4cdd28a8262e66c,https://feeds.buzzsprout.com/1229792.rss,com.buzzsprout
07fd7c400f8377e121d5634d3aba4b637ef8dfb8,https://media.rss.com/nodaddytalk/feed.xml,com.rss
07fd7c400f8377e121d5634d3aba4b637ef8dfb8,https://feeds.buzzsprout.com/1512499.rss,com.buzzsprout
07fd7c400f8377e121d5634d3aba4b637ef8dfb8,https://feeds.captivate.fm/online-bible-courses,fm.captivate
d04dfae1cba389df854e06b3b9235a1b2422f045,https://feeds.buzzsprout.com/1771001.rss,com.buzzsprout
d04dfae1cba389df854e06b3b9235a1b2422f045,https://media.rss.com/qloudx/feed.xml,com.rss
639da6c9442fc15c83220bd769aae09d8c318bc0,https://feeds.buzzsprout.com/1738604.rss,com.buzzsprout
639da6c9442fc15c83220bd769aae09d8c318bc0,https://feeds.buzzsprout.com/1032127.rss,com.buzzsprout
639da6c9442fc15c83220bd769aae09d8c318bc0,https://media.rss.com/mgclegal/feed.xml,com.rss
d217e88c79cdcbcf7d2e05a961f4c26164d5c44c,https://feeds.buzzsprout.com/1215986.rss,com.buzzsprout
d217e88c79cdcbcf7d2e05a961f4c26164d5c44c,https://feeds.buzzsprout.com/1575205.rss,com.buzzsprout
c801808f1c4bfdcfb293f7b5646a637d35fc8555,https://feeds.buzzsprout.com/1786722.rss,com.buzzsprout
c801808f1c4bfdcfb293f7b5646a637d35fc8555,https://feeds.buzzsprout.com/82634.rss,com.buzzsprout
e912b3c58c822dcbce08354c943c29df3425b583,https://media.rss.com/mgclegal/feed.xml,com.rss
e912b3c58c822dcbce08354c943c29df3425b583,https://feeds.buzzsprout.com/1745829.rss,com.buzzsprout
5be08b313ef635b2f21d948d3f15956b584ce0ad,https://feeds.buzzsprout.com/952840.rss,com.buzzsprout
5be08b313ef635b2f21d948d3f15956b584ce0ad,https://feeds.buzzsprout.com/1776120.rss,com.buzzsprout
5be08b313ef635b2f21d948d3f15956b584ce0ad,https://feeds.buzzsprout.com/1034824.rss,com.buzzsprout
5be08b313ef635b2f21d948d3f15956b584ce0ad,https://feeds.buzzsprout.com/771806.rss,com.buzzsprout
5be08b313ef635b2f21d948d3f15956b584ce0ad,https://feeds.buzzsprout.com/739073.rss,com.buzzsprout
5be08b313ef635b2f21d948d3f15956b584ce0ad,https://feeds.buzzsprout.com/1785695.rss,com.buzzsprout
86a5db5ab15794c8890312d6b67e4c0300a24cc9,https://podnews.net/rss,net.podnews
e4f2e037997dd1e31dbb5b329c6739fd243cfb19,https://media.rss.com/mgclegal/feed.xml,com.rss
34bd759244c4eba85589b08537c084b67bdc8148,https://feeds.buzzsprout.com/1777245.rss,com.buzzsprout
34bd759244c4eba85589b08537c084b67bdc8148,https://media.rss.com/jr2/feed.xml,com.rss
34bd759244c4eba85589b08537c084b67bdc8148,https://feeds.buzzsprout.com/781157.rss,com.buzzsprout
e8cd689ba9213215a8eadc694e9ebe4533246f22,https://media.rss.com/hottakepodcast/feed.xml,com.rss
e8cd689ba9213215a8eadc694e9ebe4533246f22,https://media.rss.com/mgclegal/feed.xml,com.rss
e8cd689ba9213215a8eadc694e9ebe4533246f22,https://media.rss.com/themodernmeera/feed.xml,com.rss
e8cd689ba9213215a8eadc694e9ebe4533246f22,https://feeds.buzzsprout.com/1137614.rss,com.buzzsprout
e8cd689ba9213215a8eadc694e9ebe4533246f22,https://media.rss.com/the886podcast/feed.xml,com.rss
8907ce21e3302a1e13929058f9b3a726517e6ffd,https://feeds.buzzsprout.com/1614973.rss,com.buzzsprout
8907ce21e3302a1e13929058f9b3a726517e6ffd,https://feeds.buzzsprout.com/1306363.rss,com.buzzsprout
8907ce21e3302a1e13929058f9b3a726517e6ffd,https://feeds.buzzsprout.com/1263923.rss,com.buzzsprout
e739f4556c20096dceb58bac87377c461ec0da17,https://feeds.buzzsprout.com/1537828.rss,com.buzzsprout
e739f4556c20096dceb58bac87377c461ec0da17,https://feeds.buzzsprout.com/1783291.rss,com.buzzsprout
e739f4556c20096dceb58bac87377c461ec0da17,https://feeds.buzzsprout.com/1743608.rss,com.buzzsprout
e739f4556c20096dceb58bac87377c461ec0da17,https://feeds.buzzsprout.com/1779187.rss,com.buzzsprout
c4bf9c2a24441a77d45c80863a58088ae91e222d,https://feeds.buzzsprout.com/1625638.rss,com.buzzsprout
c4bf9c2a24441a77d45c80863a58088ae91e222d,https://feeds.buzzsprout.com/1721858.rss,com.buzzsprout
c4bf9c2a24441a77d45c80863a58088ae91e222d,https://feeds.buzzsprout.com/1711606.rss,com.buzzsprout
c4bf9c2a24441a77d45c80863a58088ae91e222d,https://feeds.buzzsprout.com/1628557.rss,com.buzzsprout
c4bf9c2a24441a77d45c80863a58088ae91e222d,https://feeds.buzzsprout.com/593689.rss,com.buzzsprout
6c534d8aa46a2cd3c6ce2b7ba2acbe0788d56bf5,https://feeds.buzzsprout.com/1659769.rss,com.buzzsprout
6c534d8aa46a2cd3c6ce2b7ba2acbe0788d56bf5,https://feeds.buzzsprout.com/1717692.rss,com.buzzsprout
6c534d8aa46a2cd3c6ce2b7ba2acbe0788d56bf5,https://feeds.buzzsprout.com/1776162.rss,com.buzzsprout
6c534d8aa46a2cd3c6ce2b7ba2acbe0788d56bf5,https://media.rss.com/zaynebtalks/feed.xml,com.rss
6c534d8aa46a2cd3c6ce2b7ba2acbe0788d56bf5,https://feeds.buzzsprout.com/1783291.rss,com.buzzsprout
6c534d8aa46a2cd3c6ce2b7ba2acbe0788d56bf5,https://feeds.buzzsprout.com/1786125.rss,com.buzzsprout
b21ed9a41cddadad4646090dad16cac7247bcefc,https://feeds.buzzsprout.com/943426.rss,com.buzzsprout
b21ed9a41cddadad4646090dad16cac7247bcefc,https://feeds.buzzsprout.com/942601.rss,com.buzzsprout
b21ed9a41cddadad4646090dad16cac7247bcefc,https://feeds.buzzsprout.com/942601.rss,com.buzzsprout
39d9aecf1c6ae5007b557b5e59bf86e023299251,https://media.rss.com/the886podcast/feed.xml,com.rss
39d9aecf1c6ae5007b557b5e59bf86e023299251,https://media.rss.com/mgclegal/feed.xml,com.rss
39d9aecf1c6ae5007b557b5e59bf86e023299251,https://feeds.buzzsprout.com/878215.rss,com.buzzsprout
39d9aecf1c6ae5007b557b5e59bf86e023299251,https://feeds.buzzsprout.com/286788.rss,com.buzzsprout
84862efeb5753f01156314891b909cd112cea827,https://feeds.buzzsprout.com/1774179.rss,com.buzzsprout
84862efeb5753f01156314891b909cd112cea827,https://feeds.buzzsprout.com/1776619.rss,com.buzzsprout
84862efeb5753f01156314891b909cd112cea827,https://feeds.buzzsprout.com/1783291.rss,com.buzzsprout
84862efeb5753f01156314891b909cd112cea827,https://feeds.buzzsprout.com/276614.rss,com.buzzsprout
7c3b59d792b9ea9453cbdd69497964e08b2ca344,https://feeds.captivate.fm/from-pretender-to-conte,fm.captivate
4d071de83223170eceac56b892012ccdce6c176c,https://feeds.buzzsprout.com/1762583.rss,com.buzzsprout
f9881a71c4d695da151eb399f871571b08d4b6a0,https://feeds.buzzsprout.com/1143305.rss,com.buzzsprout
f9881a71c4d695da151eb399f871571b08d4b6a0,https://feeds.buzzsprout.com/1778428.rss,com.buzzsprout
f9881a71c4d695da151eb399f871571b08d4b6a0,https://feeds.buzzsprout.com/1143467.rss,com.buzzsprout
f9881a71c4d695da151eb399f871571b08d4b6a0,https://feeds.buzzsprout.com/762953.rss,com.buzzsprout
f9881a71c4d695da151eb399f871571b08d4b6a0,https://feeds.buzzsprout.com/1783291.rss,com.buzzsprout
251fa78c84eb613177304365d583e86c7928ae12,https://feeds.buzzsprout.com/239425.rss,com.buzzsprout
251fa78c84eb613177304365d583e86c7928ae12,https://feeds.buzzsprout.com/1108466.rss,com.buzzsprout
87047d6ea40b04741caac540a7e193bd7abb7ed1,https://feeds.captivate.fm/wrestlewolf,fm.captivate
87047d6ea40b04741caac540a7e193bd7abb7ed1,https://feeds.buzzsprout.com/1778428.rss,com.buzzsprout
87047d6ea40b04741caac540a7e193bd7abb7ed1,https://feeds.buzzsprout.com/1200065.rss,com.buzzsprout
87047d6ea40b04741caac540a7e193bd7abb7ed1,https://media.rss.com/mgclegal/feed.xml,com.rss
bcf65029033b1bf2dcb846c6bc4d914749fe1eda,https://feeds.buzzsprout.com/1787769.rss,com.buzzsprout
bcf65029033b1bf2dcb846c6bc4d914749fe1eda,https://feeds.buzzsprout.com/90361.rss,com.buzzsprout
b3eb0a16b5da6d2615382ef03d0a0b9b8e442ec0,https://feeds.buzzsprout.com/1725256.rss,com.buzzsprout
b3eb0a16b5da6d2615382ef03d0a0b9b8e442ec0,https://feeds.captivate.fm/seksuali-inteligents,fm.captivate
b3eb0a16b5da6d2615382ef03d0a0b9b8e442ec0,https://feeds.captivate.fm/daily-sports-betting-ov,fm.captivate
b3eb0a16b5da6d2615382ef03d0a0b9b8e442ec0,https://feeds.buzzsprout.com/1735277.rss,com.buzzsprout
eee344548c1bbc16ddf1117fc801287a54705c13,https://feeds.buzzsprout.com/1175951.rss,com.buzzsprout
eee344548c1bbc16ddf1117fc801287a54705c13,https://media.rss.com/passengerseatpodcast/feed.xml,com.rss
eee344548c1bbc16ddf1117fc801287a54705c13,https://media.rss.com/passengerseatpodcast/feed.xml,com.rss
e6ede92d165cf68c5af1f718a7a12030d25f177b,https://feeds.buzzsprout.com/1629313.rss,com.buzzsprout
e6ede92d165cf68c5af1f718a7a12030d25f177b,https://feeds.buzzsprout.com/1746932.rss,com.buzzsprout
e6ede92d165cf68c5af1f718a7a12030d25f177b,https://feeds.buzzsprout.com/1134452.rss,com.buzzsprout
e6ede92d165cf68c5af1f718a7a12030d25f177b,https://feeds.buzzsprout.com/1229717.rss,com.buzzsprout
9fe1efa486b9f6e1563d0d09301e3265897dbe21,https://feeds.buzzsprout.com/124810.rss,com.buzzsprout
36d4fe8c7b6d460bf7e20db65888a96c3a1c207d,https://feeds.buzzsprout.com/1771001.rss,com.buzzsprout
36d4fe8c7b6d460bf7e20db65888a96c3a1c207d,https://feeds.buzzsprout.com/1351819.rss,com.buzzsprout
7ef59af4bff93ffda5f8b32b69aa9e5dc4f8a130,https://feeds.buzzsprout.com/340382.rss,com.buzzsprout
7ef59af4bff93ffda5f8b32b69aa9e5dc4f8a130,https://feeds.buzzsprout.com/1239632.rss,com.buzzsprout
7ef59af4bff93ffda5f8b32b69aa9e5dc4f8a130,https://feeds.buzzsprout.com/1776696.rss,com.buzzsprout
7ef59af4bff93ffda5f8b32b69aa9e5dc4f8a130,https://media.rss.com/the886podcast/feed.xml,com.rss
b5477d502912c579e266a30b7ba1853bc2723901,https://feeds.buzzsprout.com/528820.rss,com.buzzsprout
b5477d502912c579e266a30b7ba1853bc2723901,https://feeds.buzzsprout.com/1745829.rss,com.buzzsprout
b5477d502912c579e266a30b7ba1853bc2723901,https://feeds.buzzsprout.com/1034824.rss,com.buzzsprout
b5477d502912c579e266a30b7ba1853bc2723901,https://feeds.buzzsprout.com/1013563.rss,com.buzzsprout
a25d8458b81cb3aefd8e274e56421286bac1e021,https://feeds.buzzsprout.com/278171.rss,com.buzzsprout
a25d8458b81cb3aefd8e274e56421286bac1e021,https://feeds.buzzsprout.com/1786367.rss,com.buzzsprout
a25d8458b81cb3aefd8e274e56421286bac1e021,https://media.rss.com/the886podcast/feed.xml,com.rss
c78f6a388ed2d1509a229a2aea441fb638b37933,https://feeds.buzzsprout.com/1778428.rss,com.buzzsprout
0ec15a39b9125fcd60dce7a9318c8192d9437b92,https://feeds.buzzsprout.com/1689220.rss,com.buzzsprout
0ec15a39b9125fcd60dce7a9318c8192d9437b92,https://feeds.buzzsprout.com/796322.rss,com.buzzsprout
dc7d7949dbe47a735a6df3f76ff43a6d36520449,https://feeds.buzzsprout.com/1772399.rss,com.buzzsprout
810bc609763dd2c89a93e51f633f8bc7d3ac2812,https://feeds.buzzsprout.com/1774926.rss,com.buzzsprout
bca92a29dccd5a8f730711789c3778e6a18742e4,https://feeds.buzzsprout.com/884089.rss,com.buzzsprout
bca92a29dccd5a8f730711789c3778e6a18742e4,https://feeds.captivate.fm/breaking-down-patriarchy,fm.captivate
bca92a29dccd5a8f730711789c3778e6a18742e4,https://feeds.captivate.fm/the-pretty-picklers-pod,fm.captivate
bca92a29dccd5a8f730711789c3778e6a18742e4,https://feeds.buzzsprout.com/199226.rss,com.buzzsprout
bca92a29dccd5a8f730711789c3778e6a18742e4,https://feeds.buzzsprout.com/1523923.rss,com.buzzsprout
909e098768af0633bb1cf8543e353212cc4bdb81,https://feeds.buzzsprout.com/1746932.rss,com.buzzsprout
909e098768af0633bb1cf8543e353212cc4bdb81,https://feeds.buzzsprout.com/1221659.rss,com.buzzsprout
909e098768af0633bb1cf8543e353212cc4bdb81,https://feeds.buzzsprout.com/880114.rss,com.buzzsprout
909e098768af0633bb1cf8543e353212cc4bdb81,https://media.rss.com/davidovashow/feed.xml,com.rss
db1c646cbc5cd8201299fe5a3cf5a114ed23eacd,https://feeds.buzzsprout.com/884014.rss,com.buzzsprout
11bc47c427de0575c25c8394ff9b4dbbc6ea778f,https://feeds.buzzsprout.com/1335907.rss,com.buzzsprout
4dec9634a29699864d3adeae72f235ad03a89782,https://feeds.buzzsprout.com/762953.rss,com.buzzsprout
e87a1c76f99eaa62086d41803e5d970a362f6cd5,https://feeds.buzzsprout.com/471514.rss,com.buzzsprout
e87a1c76f99eaa62086d41803e5d970a362f6cd5,https://feeds.buzzsprout.com/1315123.rss,com.buzzsprout
05f413938a88edf32fb9d9e0bce4288db3c4e13f,https://feeds.buzzsprout.com/997381.rss,com.buzzsprout
05f413938a88edf32fb9d9e0bce4288db3c4e13f,https://feeds.buzzsprout.com/1320592.rss,com.buzzsprout
05f413938a88edf32fb9d9e0bce4288db3c4e13f,https://feeds.buzzsprout.com/686645.rss,com.buzzsprout
2876fffe79cc17b511ee004b1376ebf770d3a159,https://feeds.buzzsprout.com/1779187.rss,com.buzzsprout
3b9fb25f2a286a94f6453e8a3651f5d69db89cbd,https://feeds.buzzsprout.com/1404964.rss,com.buzzsprout
3b9fb25f2a286a94f6453e8a3651f5d69db89cbd,https://feeds.buzzsprout.com/1073869.rss,com.buzzsprout
a61387f3a3e1c0f2bbd507980711c7002b0704fe,https://feeds.buzzsprout.com/1761104.rss,com.buzzsprout
a61387f3a3e1c0f2bbd507980711c7002b0704fe,https://feeds.buzzsprout.com/124810.rss,com.buzzsprout
a61387f3a3e1c0f2bbd507980711c7002b0704fe,https://feeds.buzzsprout.com/1561682.rss,com.buzzsprout
a61387f3a3e1c0f2bbd507980711c7002b0704fe,https://feeds.buzzsprout.com/1611301.rss,com.buzzsprout
3ae4afe67dab364a45e29c5faac15a046fce0b9a,https://feeds.buzzsprout.com/1683205.rss,com.buzzsprout
3acf8db7c3ab5340838dc8459a39ee9a2a81ac69,https://feeds.buzzsprout.com/1460074.rss,com.buzzsprout
3acf8db7c3ab5340838dc8459a39ee9a2a81ac69,https://feeds.buzzsprout.com/316502.rss,com.buzzsprout
3acf8db7c3ab5340838dc8459a39ee9a2a81ac69,https://feeds.buzzsprout.com/1745829.rss,com.buzzsprout
3acf8db7c3ab5340838dc8459a39ee9a2a81ac69,https://feeds.buzzsprout.com/1605880.rss,com.buzzsprout
ebb3b2c548c797640eb7c01581f8c8197515d634,https://media.rss.com/getsidetracked/feed.xml,com.rss
ebb3b2c548c797640eb7c01581f8c8197515d634,https://feeds.buzzsprout.com/1509445.rss,com.buzzsprout
ebb3b2c548c797640eb7c01581f8c8197515d634,https://feeds.buzzsprout.com/1727743.rss,com.buzzsprout
ebb3b2c548c797640eb7c01581f8c8197515d634,https://feeds.buzzsprout.com/1492873.rss,com.buzzsprout
ebb3b2c548c797640eb7c01581f8c8197515d634,https://feeds.buzzsprout.com/1647961.rss,com.buzzsprout
ebb3b2c548c797640eb7c01581f8c8197515d634,https://feeds.buzzsprout.com/231053.rss,com.buzzsprout
8122383f93887b423d44b332b5b2c35549c08922,https://feeds.buzzsprout.com/1779193.rss,com.buzzsprout
2fdefa22a879ce7297f32e955bd86aa739f96123,https://feeds.buzzsprout.com/1711606.rss,com.buzzsprout
2fdefa22a879ce7297f32e955bd86aa739f96123,https://feeds.captivate.fm/throwin-smoke,fm.captivate
2fdefa22a879ce7297f32e955bd86aa739f96123,https://feeds.buzzsprout.com/1777348.rss,com.buzzsprout
2fdefa22a879ce7297f32e955bd86aa739f96123,https://feeds.buzzsprout.com/1271393.rss,com.buzzsprout
2fdefa22a879ce7297f32e955bd86aa739f96123,https://feeds.buzzsprout.com/1788251.rss,com.buzzsprout
2fdefa22a879ce7297f32e955bd86aa739f96123,https://feeds.buzzsprout.com/693544.rss,com.buzzsprout
2fdefa22a879ce7297f32e955bd86aa739f96123,https://feeds.buzzsprout.com/1787089.rss,com.buzzsprout
2fdefa22a879ce7297f32e955bd86aa739f96123,https://feeds.buzzsprout.com/1739958.rss,com.buzzsprout
2fdefa22a879ce7297f32e955bd86aa739f96123,https://feeds.captivate.fm/djym-talks,fm.captivate
81860c0e66f0265052f440fbddb93394ae15fa23,https://feeds.buzzsprout.com/1089212.rss,com.buzzsprout
81860c0e66f0265052f440fbddb93394ae15fa23,https://feeds.buzzsprout.com/1013563.rss,com.buzzsprout
81860c0e66f0265052f440fbddb93394ae15fa23,https://feeds.buzzsprout.com/955441.rss,com.buzzsprout
fdbc3024032f5ddce01d522822ea082c2e055056,https://feeds.buzzsprout.com/90361.rss,com.buzzsprout
fdbc3024032f5ddce01d522822ea082c2e055056,https://feeds.buzzsprout.com/763124.rss,com.buzzsprout
3faa6ddf105e7c74993e2da152b628779b0a962c,https://feeds.buzzsprout.com/1493599.rss,com.buzzsprout
3faa6ddf105e7c74993e2da152b628779b0a962c,https://feeds.buzzsprout.com/1655566.rss,com.buzzsprout
3faa6ddf105e7c74993e2da152b628779b0a962c,https://feeds.buzzsprout.com/1161269.rss,com.buzzsprout
427707d58ee97c1cda4c6dc0d28e5f7dd4d1ea9e,https://feeds.buzzsprout.com/1561454.rss,com.buzzsprout
427707d58ee97c1cda4c6dc0d28e5f7dd4d1ea9e,https://feeds.captivate.fm/streams-int,fm.captivate
427707d58ee97c1cda4c6dc0d28e5f7dd4d1ea9e,https://feeds.buzzsprout.com/1762408.rss,com.buzzsprout
af3bd6e957837bc137b23903bd338321fd5348bd,https://feeds.buzzsprout.com/1148399.rss,com.buzzsprout
af3bd6e957837bc137b23903bd338321fd5348bd,https://feeds.buzzsprout.com/1322572.rss,com.buzzsprout
af3bd6e957837bc137b23903bd338321fd5348bd,https://feeds.buzzsprout.com/1754577.rss,com.buzzsprout
1267d9d419cc82b85d2ca26c5f72031a6fd4a76c,https://feeds.buzzsprout.com/1194008.rss,com.buzzsprout
1267d9d419cc82b85d2ca26c5f72031a6fd4a76c,https://feeds.buzzsprout.com/528820.rss,com.buzzsprout
1267d9d419cc82b85d2ca26c5f72031a6fd4a76c,https://media.rss.com/qloudx/feed.xml,com.rss
1267d9d419cc82b85d2ca26c5f72031a6fd4a76c,https://feeds.buzzsprout.com/909664.rss,com.buzzsprout
1267d9d419cc82b85d2ca26c5f72031a6fd4a76c,https://media.rss.com/joebloggsaboutmovies/feed.xml,com.rss
aced6943681f6713499922eeb9515024da904da6,https://feeds.buzzsprout.com/1699618.rss,com.buzzsprout
e4f333bdda160ba91c1ff63064884566af5c7639,https://feeds.buzzsprout.com/349451.rss,com.buzzsprout
e4f333bdda160ba91c1ff63064884566af5c7639,https://feeds.buzzsprout.com/334790.rss,com.buzzsprout
e4f333bdda160ba91c1ff63064884566af5c7639,https://feeds.buzzsprout.com/1647499.rss,com.buzzsprout
e4f333bdda160ba91c1ff63064884566af5c7639,https://feeds.buzzsprout.com/1773911.rss,com.buzzsprout
c86a660b0757d7e2410d63edf6650d1c92183c0d,https://feeds.buzzsprout.com/1633642.rss,com.buzzsprout
c86a660b0757d7e2410d63edf6650d1c92183c0d,https://feeds.buzzsprout.com/1785695.rss,com.buzzsprout
c86a660b0757d7e2410d63edf6650d1c92183c0d,https://feeds.buzzsprout.com/367442.rss,com.buzzsprout
f2bbe34696444072a95d5fd5673837dd7faa0b54,https://feeds.buzzsprout.com/1221659.rss,com.buzzsprout
e555a8a1d32b3f4132582339588d4bdf58f8ea1d,https://feeds.buzzsprout.com/1756446.rss,com.buzzsprout
43017460a6a221e2a096ab3d5f2cbbe5b4703439,https://feeds.buzzsprout.com/1605880.rss,com.buzzsprout
d1aec130128880f25b84f1621509738e7e2d7ed7,https://feeds.captivate.fm/streams-int,fm.captivate
4de4b56c9d64f37b1d82331ba7a578dd1487c5dc,https://feeds.buzzsprout.com/1747702.rss,com.buzzsprout
4de4b56c9d64f37b1d82331ba7a578dd1487c5dc,https://feeds.buzzsprout.com/1451638.rss,com.buzzsprout
4de4b56c9d64f37b1d82331ba7a578dd1487c5dc,https://feeds.buzzsprout.com/1771804.rss,com.buzzsprout
7772e4dd4ecbd11b4e0e87f694fd1b9b7a923434,https://feeds.buzzsprout.com/1617697.rss,com.buzzsprout
7772e4dd4ecbd11b4e0e87f694fd1b9b7a923434,https://feeds.buzzsprout.com/1516531.rss,com.buzzsprout
7772e4dd4ecbd11b4e0e87f694fd1b9b7a923434,https://media.rss.com/tieandhoodieshow/feed.xml,com.rss
7772e4dd4ecbd11b4e0e87f694fd1b9b7a923434,https://feeds.buzzsprout.com/1614973.rss,com.buzzsprout
7772e4dd4ecbd11b4e0e87f694fd1b9b7a923434,https://feeds.buzzsprout.com/1730454.rss,com.buzzsprout
7772e4dd4ecbd11b4e0e87f694fd1b9b7a923434,https://feeds.buzzsprout.com/1662067.rss,com.buzzsprout
7772e4dd4ecbd11b4e0e87f694fd1b9b7a923434,https://feeds.buzzsprout.com/240486.rss,com.buzzsprout
7772e4dd4ecbd11b4e0e87f694fd1b9b7a923434,https://media.rss.com/edmphantom/feed.xml,com.rss
b846b2ad1152bd8d7e3f991d403f95b58318b0b5,https://feeds.buzzsprout.com/1622020.rss,com.buzzsprout
b846b2ad1152bd8d7e3f991d403f95b58318b0b5,https://feeds.buzzsprout.com/1200065.rss,com.buzzsprout
b846b2ad1152bd8d7e3f991d403f95b58318b0b5,https://feeds.buzzsprout.com/1461028.rss,com.buzzsprout
ba68b99ed8b742bb16569fd0fcc740c28d496279,https://feeds.captivate.fm/streams-int,fm.captivate
ba68b99ed8b742bb16569fd0fcc740c28d496279,https://feeds.buzzsprout.com/1788140.rss,com.buzzsprout
1942d29509c2b702990ff6adab8e16122ff3a055,https://feeds.buzzsprout.com/1261856.rss,com.buzzsprout
1942d29509c2b702990ff6adab8e16122ff3a055,https://feeds.buzzsprout.com/1761842.rss,com.buzzsprout
0b12f469902896e4221498eae5524a2179819c71,https://media.rss.com/blackwomentowatch/feed.xml,com.rss
0b12f469902896e4221498eae5524a2179819c71,https://media.rss.com/blackwomentowatch/feed.xml,com.rss
abc0f39607025e0e44b8a08be19195c8d327bbe1,https://feeds.buzzsprout.com/1220255.rss,com.buzzsprout
abc0f39607025e0e44b8a08be19195c8d327bbe1,https://feeds.buzzsprout.com/1183136.rss,com.buzzsprout
abc0f39607025e0e44b8a08be19195c8d327bbe1,https://feeds.buzzsprout.com/361769.rss,com.buzzsprout
51758f63a0375024a1db8871e2930955b104aa25,https://feeds.buzzsprout.com/1475140.rss,com.buzzsprout
51758f63a0375024a1db8871e2930955b104aa25,https://feeds.buzzsprout.com/820897.rss,com.buzzsprout
51758f63a0375024a1db8871e2930955b104aa25,https://feeds.buzzsprout.com/1771804.rss,com.buzzsprout
51758f63a0375024a1db8871e2930955b104aa25,https://feeds.buzzsprout.com/739073.rss,com.buzzsprout
51758f63a0375024a1db8871e2930955b104aa25,https://feeds.buzzsprout.com/845755.rss,com.buzzsprout
51758f63a0375024a1db8871e2930955b104aa25,https://feeds.buzzsprout.com/1112642.rss,com.buzzsprout
6cbc0b22df86789b9f2b8154eaa3219e6ecc4de0,https://feeds.buzzsprout.com/1541749.rss,com.buzzsprout
10f95aab988884915cd44fed6baf121afaeb4408,https://feeds.buzzsprout.com/1298354.rss,com.buzzsprout
146b85d1a2556d563c8625adcbf02d5a783e9637,https://feeds.buzzsprout.com/1134452.rss,com.buzzsprout
146b85d1a2556d563c8625adcbf02d5a783e9637,https://feeds.buzzsprout.com/199226.rss,com.buzzsprout
146b85d1a2556d563c8625adcbf02d5a783e9637,https://feeds.buzzsprout.com/268947.rss,com.buzzsprout
146b85d1a2556d563c8625adcbf02d5a783e9637,https://media.rss.com/komarekfoundationpodcast/feed.xml,com.rss
9f395e61ed41be5fd59f02c2e83c92e8953e238a,https://feeds.buzzsprout.com/1509445.rss,com.buzzsprout
9f395e61ed41be5fd59f02c2e83c92e8953e238a,https://feeds.buzzsprout.com/1481572.rss,com.buzzsprout
81e7ce408867c5f963d617674ae234c23f0e45a4,https://feeds.buzzsprout.com/245958.rss,com.buzzsprout
81e7ce408867c5f963d617674ae234c23f0e45a4,https://feeds.buzzsprout.com/1189931.rss,com.buzzsprout
81e7ce408867c5f963d617674ae234c23f0e45a4,https://feeds.buzzsprout.com/1493599.rss,com.buzzsprout
81e7ce408867c5f963d617674ae234c23f0e45a4,https://feeds.captivate.fm/hml-political-hookup,fm.captivate
8805707bb5351358a0691219416a66f48b95dcd2,https://feeds.captivate.fm/hmlpodcast,fm.captivate
8805707bb5351358a0691219416a66f48b95dcd2,https://feeds.buzzsprout.com/1635478.rss,com.buzzsprout
8805707bb5351358a0691219416a66f48b95dcd2,https://feeds.captivate.fm/the-charles-mizrahi-show,fm.captivate
8805707bb5351358a0691219416a66f48b95dcd2,https://media.rss.com/komarekfoundationpodcast/feed.xml,com.rss
8805707bb5351358a0691219416a66f48b95dcd2,https://feeds.buzzsprout.com/1619698.rss,com.buzzsprout
8805707bb5351358a0691219416a66f48b95dcd2,https://feeds.buzzsprout.com/1314079.rss,com.buzzsprout
8805707bb5351358a0691219416a66f48b95dcd2,https://feeds.buzzsprout.com/693544.rss,com.buzzsprout
8805707bb5351358a0691219416a66f48b95dcd2,https://feeds.buzzsprout.com/1708975.rss,com.buzzsprout
bda3d1ca5c7c5324268ccbcdff53776af8dea303,https://feeds.buzzsprout.com/1472797.rss,com.buzzsprout
bda3d1ca5c7c5324268ccbcdff53776af8dea303,https://feeds.buzzsprout.com/884014.rss,com.buzzsprout
a3bc4d1fd78b6765316323e4d673100bfb182a3b,https://feeds.buzzsprout.com/979897.rss,com.buzzsprout
a3bc4d1fd78b6765316323e4d673100bfb182a3b,https://feeds.buzzsprout.com/1267244.rss,com.buzzsprout
c33415188a89898fd47c22fb9cff87371b6b02ff,https://feeds.buzzsprout.com/1069243.rss,com.buzzsprout
c33415188a89898fd47c22fb9cff87371b6b02ff,https://feeds.buzzsprout.com/1442191.rss,com.buzzsprout
c33415188a89898fd47c22fb9cff87371b6b02ff,https://feeds.buzzsprout.com/1761415.rss,com.buzzsprout
452c0766d3cfe3ba209a7381224a19c0aca3b0d8,https://media.rss.com/fromcoachtocoach/feed.xml,com.rss
452c0766d3cfe3ba209a7381224a19c0aca3b0d8,https://feeds.buzzsprout.com/1017442.rss,com.buzzsprout
452c0766d3cfe3ba209a7381224a19c0aca3b0d8,https://feeds.buzzsprout.com/1621972.rss,com.buzzsprout
452c0766d3cfe3ba209a7381224a19c0aca3b0d8,https://feeds.buzzsprout.com/1561682.rss,com.buzzsprout
452c0766d3cfe3ba209a7381224a19c0aca3b0d8,https://feeds.buzzsprout.com/183065.rss,com.buzzsprout
452c0766d3cfe3ba209a7381224a19c0aca3b0d8,https://feeds.buzzsprout.com/239425.rss,com.buzzsprout
0dbbe362914e97c5e2e2ab8452681fe9e3dbc789,https://feeds.buzzsprout.com/1344985.rss,com.buzzsprout
0dbbe362914e97c5e2e2ab8452681fe9e3dbc789,https://feeds.buzzsprout.com/1788251.rss,com.buzzsprout
0dbbe362914e97c5e2e2ab8452681fe9e3dbc789,https://feeds.buzzsprout.com/1463950.rss,com.buzzsprout
0dbbe362914e97c5e2e2ab8452681fe9e3dbc789,https://feeds.buzzsprout.com/883399.rss,com.buzzsprout
0dbbe362914e97c5e2e2ab8452681fe9e3dbc789,https://feeds.buzzsprout.com/1461028.rss,com.buzzsprout
440dac11b26f5b505f16d070b3cc8d64efe5de51,https://feeds.buzzsprout.com/1669327.rss,com.buzzsprout
440dac11b26f5b505f16d070b3cc8d64efe5de51,https://feeds.buzzsprout.com/90361.rss,com.buzzsprout
06e4bd52499348fec3ad3119cd5adc6c2a9d0ee6,https://feeds.buzzsprout.com/896476.rss,com.buzzsprout
06e4bd52499348fec3ad3119cd5adc6c2a9d0ee6,https://feeds.buzzsprout.com/1633642.rss,com.buzzsprout
517e6a406965900d365a98cc38c178c37fc5d080,https://feeds.buzzsprout.com/1561454.rss,com.buzzsprout
517e6a406965900d365a98cc38c178c37fc5d080,https://feeds.buzzsprout.com/1112411.rss,com.buzzsprout
517e6a406965900d365a98cc38c178c37fc5d080,https://media.rss.com/maskman/feed.xml,com.rss
c11cf3a5a14dc692abe5127d088d2dd57866816d,https://feeds.buzzsprout.com/1734042.rss,com.buzzsprout
c11cf3a5a14dc692abe5127d088d2dd57866816d,https://feeds.buzzsprout.com/1377778.rss,com.buzzsprout
c8f2552cb6a7a2da9fc9ff0f4718db0d5290fb60,https://media.rss.com/thetsunamiwave/feed.xml,com.rss
c8f2552cb6a7a2da9fc9ff0f4718db0d5290fb60,https://media.rss.com/thetsunamiwave/feed.xml,com.rss
edc6813ccf389e794a13570da128dfa37a7170ff,https://feeds.buzzsprout.com/1395025.rss,com.buzzsprout
edc6813ccf389e794a13570da128dfa37a7170ff,https://feeds.buzzsprout.com/1669324.rss,com.buzzsprout
edc6813ccf389e794a13570da128dfa37a7170ff,https://feeds.buzzsprout.com/1516531.rss,com.buzzsprout
3f6946c3e5abdc7ccbc7d6b73896b090cae0746e,https://feeds.buzzsprout.com/1747702.rss,com.buzzsprout
3f6946c3e5abdc7ccbc7d6b73896b090cae0746e,https://feeds.buzzsprout.com/1147187.rss,com.buzzsprout
3f6946c3e5abdc7ccbc7d6b73896b090cae0746e,https://feeds.buzzsprout.com/1787374.rss,com.buzzsprout
e583a7ebc10fbccaaa7eb9d2a9461818405eb716,https://feeds.captivate.fm/ubcnewsworld,fm.captivate
e583a7ebc10fbccaaa7eb9d2a9461818405eb716,https://feeds.buzzsprout.com/1298892.rss,com.buzzsprout
e583a7ebc10fbccaaa7eb9d2a9461818405eb716,https://feeds.buzzsprout.com/1221659.rss,com.buzzsprout
df395672639f4167ac000f46a313a8bd89290c2d,https://feeds.buzzsprout.com/1788911.rss,com.buzzsprout
df395672639f4167ac000f46a313a8bd89290c2d,https://feeds.buzzsprout.com/128770.rss,com.buzzsprout
df395672639f4167ac000f46a313a8bd89290c2d,https://feeds.buzzsprout.com/781157.rss,com.buzzsprout
843b7a57aca870d9fe056cd373111e937370ef6e,https://feeds.buzzsprout.com/1148417.rss,com.buzzsprout
843b7a57aca870d9fe056cd373111e937370ef6e,https://feeds.buzzsprout.com/1509445.rss,com.buzzsprout
843b7a57aca870d9fe056cd373111e937370ef6e,https://feeds.buzzsprout.com/1633129.rss,com.buzzsprout
843b7a57aca870d9fe056cd373111e937370ef6e,https://media.rss.com/listenblitz/feed.xml,com.rss
843b7a57aca870d9fe056cd373111e937370ef6e,https://feeds.captivate.fm/theluepodcast,fm.captivate
843b7a57aca870d9fe056cd373111e937370ef6e,https://feeds.buzzsprout.com/1704670.rss,com.buzzsprout
843b7a57aca870d9fe056cd373111e937370ef6e,https://feeds.buzzsprout.com/1261856.rss,com.buzzsprout
843b7a57aca870d9fe056cd373111e937370ef6e,https://feeds.buzzsprout.com/1777348.rss,com.buzzsprout
